CINO,CI_STS,MODEL,APPMON,OPERATOR_NAME,UDATE,CDATE,CNAME
CI-25-0001,01,RZF50DV1,20250101,NISA,08/01/2025,08/01/2025,MSI-NB-ALOGKOT
CI-25-0002,01,RZF50DVA,20250101,NISA,08/01/2025,08/01/2025,MSI-NB-ALOGKOT
CI-25-0003,01,RZF50DVM,20250101,NISA,08/01/2025,08/01/2025,MSI-NB-ALOGKOT
CI-25-0004,01,RZF60DV1,20250101,NISA,08/01/2025,08/01/2025,MSI-NB-ALOGKOT
CI-25-0005,01,RZF60DVA,20250101,NISA,08/01/2025,08/01/2025,MSI-NB-ALOGKOT
CI-25-0006,01,RZF60DVM,20250101,NISA,08/01/2025,08/01/2025,MSI-NB-ALOGKOT
CI-25-0007,01,RZF71DV1,20250101,NISA,08/01/2025,08/01/2025,MSI-NB-ALOGKOT
CI-25-0008,01,RZF71DVA,20250101,NISA,08/01/2025,08/01/2025,MSI-NB-ALOGKOT
CI-25-0009,01,RZF71DVM,20250101,NISA,08/01/2025,08/01/2025,MSI-NB-ALOGKOT
CI-25-0010,01,RZF71DYL,20250101,NISA,08/01/2025,08/01/2025,MSI-NB-ALOGKOT
CI-25-0011,01,RZF71DYM,20250101,NISA,08/01/2025,08/01/2025,MSI-NB-ALOGKOT
CI-25-0012,01,RZF100DVA,20250101,NISA,08/01/2025,08/01/2025,MSI-NB-ALOGKOT
CI-25-0013,01,RZF100DVM,20250101,NISA,08/01/2025,08/01/2025,MSI-NB-ALOGKOT
CI-25-0014,01,RZF100DY1,20250101,NISA,08/01/2025,08/01/2025,MSI-NB-ALOGKOT
CI-25-0015,01,RZF100DYL,20250101,NISA,08/01/2025,08/01/2025,MSI-NB-ALOGKOT
CI-25-0016,01,RZF100DYM,20250101,NISA,08/01/2025,08/01/2025,MSI-NB-ALOGKOT
CI-25-0017,01,FTKC09ZV2S,20250101,NISA,08/01/2025,08/01/2025,MSI-NB-ALOGKOT
CI-25-0018,01,FTKC12ZV2S,20250101,NISA,08/01/2025,08/01/2025,MSI-NB-ALOGKOT
CI-25-0019,01,FTKC15ZV2S,20250101,NISA,08/01/2025,08/01/2025,MSI-NB-ALOGKOT
CI-25-0020,01,FTKC18ZV2S,20250101,NISA,08/01/2025,08/01/2025,MSI-NB-ALOGKOT
CI-25-0021,01,FTKC24ZV2S,20250101,NISA,08/01/2025,08/01/2025,MSI-NB-ALOGKOT
CI-25-0022,01,2MXP50ZVLT,20250101,NISA,09/01/2025,09/01/2025,MSI-NB-ALOGKOT
CI-25-0023,01,2MXP85ZVLT,20250101,NISA,09/01/2025,09/01/2025,MSI-NB-ALOGKOT
CI-25-0024,01,ZFTKZ09YV2S,20250201,NISA,09/01/2025,09/01/2025,MSI-NB-ALOGKOT
CI-25-0025,01,ZFTKZ18YV2S,20250201,NISA,09/01/2025,09/01/2025,MSI-NB-ALOGKOT
CI-25-0026,01,FTKM46W2VMA,20250201,NISA,09/01/2025,09/01/2025,MSI-NB-ALOGKOT
CI-25-0026,01,FTKM46WVMA,20250201,NISA,09/01/2025,09/01/2025,MSI-NB-ALOGKOT
CI-25-0026,01,FTXM25XVMV,20250201,NISA,09/01/2025,09/01/2025,MSI-NB-ALOGKOT
CI-25-0026,01,FTXM35XVMV,20250201,NISA,09/01/2025,09/01/2025,MSI-NB-ALOGKOT
CI-25-0026,01,FTXM41ZVLT,20250201,NISA,09/01/2025,09/01/2025,MSI-NB-ALOGKOT
CI-25-0026,01,FTXM46W2VMA,20250201,NISA,09/01/2025,09/01/2025,MSI-NB-ALOGKOT
CI-25-0026,01,FTXM46WVMA,20250201,NISA,09/01/2025,09/01/2025,MSI-NB-ALOGKOT
CI-25-0026,01,FTXM50ZVLT,20250201,NISA,09/01/2025,09/01/2025,MSI-NB-ALOGKOT
CI-25-0027,01,FTKM50W2VMA,20250201,NISA,09/01/2025,09/01/2025,MSI-NB-ALOGKOT
CI-25-0027,01,FTKM50WVMA,20250201,NISA,09/01/2025,09/01/2025,MSI-NB-ALOGKOT
CI-25-0027,01,FTKM60W2VMA,20250201,NISA,09/01/2025,09/01/2025,MSI-NB-ALOGKOT
CI-25-0027,01,FTKM60WVMA,20250201,NISA,09/01/2025,09/01/2025,MSI-NB-ALOGKOT
CI-25-0027,01,FTKM71W2VMA,20250201,NISA,09/01/2025,09/01/2025,MSI-NB-ALOGKOT
CI-25-0027,01,FTKM71WVMA,20250201,NISA,09/01/2025,09/01/2025,MSI-NB-ALOGKOT
CI-25-0027,01,FTXM50W2VMA,20250201,NISA,09/01/2025,09/01/2025,MSI-NB-ALOGKOT
CI-25-0027,01,FTXM50WVMA,20250201,NISA,09/01/2025,09/01/2025,MSI-NB-ALOGKOT
CI-25-0027,01,FTXM50XVMV,20250201,NISA,09/01/2025,09/01/2025,MSI-NB-ALOGKOT
CI-25-0027,01,FTXM60W2VMA,20250201,NISA,09/01/2025,09/01/2025,MSI-NB-ALOGKOT
CI-25-0027,01,FTXM60WVMA,20250201,NISA,09/01/2025,09/01/2025,MSI-NB-ALOGKOT
CI-25-0027,01,FTXM60XVMV,20250201,NISA,09/01/2025,09/01/2025,MSI-NB-ALOGKOT
CI-25-0027,01,FTXM60ZVLT,20250201,NISA,09/01/2025,09/01/2025,MSI-NB-ALOGKOT
CI-25-0027,01,FTXM71W2VMA,20250201,NISA,09/01/2025,09/01/2025,MSI-NB-ALOGKOT
CI-25-0027,01,FTXM71WVMA,20250201,NISA,09/01/2025,09/01/2025,MSI-NB-ALOGKOT
CI-25-0027,01,FTXM71XVMV,20250201,NISA,09/01/2025,09/01/2025,MSI-NB-ALOGKOT
CI-25-0027,01,FTXM71ZVLT,20250201,NISA,09/01/2025,09/01/2025,MSI-NB-ALOGKOT
CI-25-0028,01,FTXM09WVJU9,20250201,NISA,09/01/2025,09/01/2025,MSI-NB-ALOGKOT
CI-25-0028,01,FTXM12WVJU9,20250201,NISA,09/01/2025,09/01/2025,MSI-NB-ALOGKOT
CI-25-0029,01,FTXM18WVJU9,20250201,NISA,09/01/2025,09/01/2025,MSI-NB-ALOGKOT
CI-25-0029,01,FTXM24WVJU9,20250201,NISA,09/01/2025,09/01/2025,MSI-NB-ALOGKOT
CI-25-0030,01,FTKZ09YV2S,20250201,NISA,09/01/2025,09/01/2025,MSI-NB-ALOGKOT
CI-25-0031,01,FTXM22YVLT,20250201,NISA,09/01/2025,09/01/2025,MSI-NB-ALOGKOT
CI-25-0031,01,FTXM28YVLT,20250201,NISA,09/01/2025,09/01/2025,MSI-NB-ALOGKOT
CI-25-0031,01,FTXM36YVLT,20250201,NISA,09/01/2025,09/01/2025,MSI-NB-ALOGKOT
CI-25-0032,01,FTKZ12YV2S,20250201,NISA,09/01/2025,09/01/2025,MSI-NB-ALOGKOT
CI-25-0032,01,FTKZ15YV2S,20250201,NISA,09/01/2025,09/01/2025,MSI-NB-ALOGKOT
CI-25-0032,01,FTKZ18YV2S,20250201,NISA,09/01/2025,09/01/2025,MSI-NB-ALOGKOT
CI-25-0032,01,FTKZ24YV2S,20250201,NISA,09/01/2025,09/01/2025,MSI-NB-ALOGKOT
CI-25-0033,01,FCA71DVLT,20250101,NISA,09/01/2025,09/01/2025,MSI-NB-ALOGKOT
CI-25-0034,01,RZAC71EVLT,20250101,NISA,09/01/2025,09/01/2025,MSI-NB-ALOGKOT
CI-25-0035,01,RZF71DVLT,20250101,NISA,09/01/2025,09/01/2025,MSI-NB-ALOGKOT
CI-25-0036,01,FTKM46W2VMA,20250201,NISA,11/01/2025,10/01/2025,MSI-NB-ALOGKOT
CI-25-0036,01,FTKM46WVMA,20250201,NISA,11/01/2025,10/01/2025,MSI-NB-ALOGKOT
CI-25-0036,01,FTXM25XVMV,20250201,NISA,11/01/2025,10/01/2025,MSI-NB-ALOGKOT
CI-25-0036,01,FTXM35XVMV,20250201,NISA,11/01/2025,10/01/2025,MSI-NB-ALOGKOT
CI-25-0036,01,FTXM46W2VMA,20250201,NISA,11/01/2025,10/01/2025,MSI-NB-ALOGKOT
CI-25-0036,01,FTXM46WVMA,20250201,NISA,11/01/2025,10/01/2025,MSI-NB-ALOGKOT
CI-25-0037,01,FTKM50W2VMA,20250201,NISA,11/01/2025,10/01/2025,MSI-NB-ALOGKOT
CI-25-0037,01,FTKM50WVMA,20250201,NISA,11/01/2025,10/01/2025,MSI-NB-ALOGKOT
CI-25-0037,01,FTKM60W2VMA,20250201,NISA,11/01/2025,10/01/2025,MSI-NB-ALOGKOT
CI-25-0037,01,FTKM60WVMA,20250201,NISA,11/01/2025,10/01/2025,MSI-NB-ALOGKOT
CI-25-0037,01,FTKM71W2VMA,20250201,NISA,11/01/2025,10/01/2025,MSI-NB-ALOGKOT
CI-25-0037,01,FTKM71WVMA,20250201,NISA,11/01/2025,10/01/2025,MSI-NB-ALOGKOT
CI-25-0037,01,FTKM71ZVMG,20250201,NISA,11/01/2025,10/01/2025,MSI-NB-ALOGKOT
CI-25-0037,01,FTXM50W2VMA,20250201,NISA,11/01/2025,10/01/2025,MSI-NB-ALOGKOT
CI-25-0037,01,FTXM50WVMA,20250201,NISA,11/01/2025,10/01/2025,MSI-NB-ALOGKOT
CI-25-0037,01,FTXM50XVMV,20250201,NISA,11/01/2025,10/01/2025,MSI-NB-ALOGKOT
CI-25-0037,01,FTXM60W2VMA,20250201,NISA,11/01/2025,10/01/2025,MSI-NB-ALOGKOT
CI-25-0037,01,FTXM60WVMA,20250201,NISA,11/01/2025,10/01/2025,MSI-NB-ALOGKOT
CI-25-0037,01,FTXM60XVMV,20250201,NISA,11/01/2025,10/01/2025,MSI-NB-ALOGKOT
CI-25-0037,01,FTXM60ZVLT,20250201,NISA,11/01/2025,10/01/2025,MSI-NB-ALOGKOT
CI-25-0037,01,FTXM71W2VMA,20250201,NISA,11/01/2025,10/01/2025,MSI-NB-ALOGKOT
CI-25-0037,01,FTXM71WVMA,20250201,NISA,11/01/2025,10/01/2025,MSI-NB-ALOGKOT
CI-25-0037,01,FTXM71XVMV,20250201,NISA,11/01/2025,10/01/2025,MSI-NB-ALOGKOT
CI-25-0037,01,FTXM71ZVLT,20250201,NISA,11/01/2025,10/01/2025,MSI-NB-ALOGKOT
CI-25-0038,01,FTKM09YV2S,20250201,NISA,11/01/2025,10/01/2025,MSI-NB-ALOGKOT
CI-25-0038,01,FTKM12YV2S,20250201,NISA,11/01/2025,10/01/2025,MSI-NB-ALOGKOT
CI-25-0038,01,FTKM15YV2S,20250201,NISA,11/01/2025,10/01/2025,MSI-NB-ALOGKOT
CI-25-0038,01,FTKY50WVMV,20250201,NISA,11/01/2025,10/01/2025,MSI-NB-ALOGKOT
CI-25-0038,01,FTKY50ZVMV,20250201,NISA,11/01/2025,10/01/2025,MSI-NB-ALOGKOT
CI-25-0038,01,FTKZ25VVMV,20250201,NISA,11/01/2025,10/01/2025,MSI-NB-ALOGKOT
CI-25-0038,01,FTKZ25WVM,20250201,NISA,11/01/2025,10/01/2025,MSI-NB-ALOGKOT
CI-25-0038,01,FTKZ25XVM4,20250201,NISA,11/01/2025,10/01/2025,MSI-NB-ALOGKOT
CI-25-0038,01,FTKZ35VVMV,20250201,NISA,11/01/2025,10/01/2025,MSI-NB-ALOGKOT
CI-25-0038,01,FTKZ35WVM,20250201,NISA,11/01/2025,10/01/2025,MSI-NB-ALOGKOT
CI-25-0038,01,FTKZ35XVM4,20250201,NISA,11/01/2025,10/01/2025,MSI-NB-ALOGKOT
CI-25-0039,01,FTKM18YV2S,20250201,NISA,11/01/2025,10/01/2025,MSI-NB-ALOGKOT
CI-25-0039,01,FTKM24YV2S,20250201,NISA,11/01/2025,10/01/2025,MSI-NB-ALOGKOT
CI-25-0039,01,FTKY60WVMV,20250201,NISA,11/01/2025,10/01/2025,MSI-NB-ALOGKOT
CI-25-0039,01,FTKY60ZVMV,20250201,NISA,11/01/2025,10/01/2025,MSI-NB-ALOGKOT
CI-25-0039,01,FTKY71WVMV,20250201,NISA,11/01/2025,10/01/2025,MSI-NB-ALOGKOT
CI-25-0039,01,FTKY71ZVMV,20250201,NISA,11/01/2025,10/01/2025,MSI-NB-ALOGKOT
CI-25-0039,01,FTKZ50VVMV,20250201,NISA,11/01/2025,10/01/2025,MSI-NB-ALOGKOT
CI-25-0039,01,FTKZ50WVM,20250201,NISA,11/01/2025,10/01/2025,MSI-NB-ALOGKOT
CI-25-0039,01,FTKZ50XVM4,20250201,NISA,11/01/2025,10/01/2025,MSI-NB-ALOGKOT
CI-25-0039,01,FTKZ60VVMV,20250201,NISA,11/01/2025,10/01/2025,MSI-NB-ALOGKOT
CI-25-0039,01,FTKZ60WVM,20250201,NISA,11/01/2025,10/01/2025,MSI-NB-ALOGKOT
CI-25-0039,01,FTKZ60XVM4,20250201,NISA,11/01/2025,10/01/2025,MSI-NB-ALOGKOT
CI-25-0039,01,FTKZ71VVMV,20250201,NISA,11/01/2025,10/01/2025,MSI-NB-ALOGKOT
CI-25-0039,01,FTKZ71WVM,20250201,NISA,11/01/2025,10/01/2025,MSI-NB-ALOGKOT
CI-25-0039,01,FTKZ71XVM4,20250201,NISA,11/01/2025,10/01/2025,MSI-NB-ALOGKOT
CI-25-0040,01,ZFTKM09YV2S,20250201,NISA,11/01/2025,10/01/2025,MSI-NB-ALOGKOT
CI-25-0040,01,ZFTKZ25VVMV,20250201,NISA,11/01/2025,10/01/2025,MSI-NB-ALOGKOT
CI-25-0041,01,ZFTKM18YV2S,20250201,NISA,11/01/2025,10/01/2025,MSI-NB-ALOGKOT
CI-25-0041,01,ZFTKZ50VVMV,20250201,NISA,11/01/2025,10/01/2025,MSI-NB-ALOGKOT
CI-25-0042,01,FTXM09WVJU9,20250201,NISA,11/01/2025,10/01/2025,MSI-NB-ALOGKOT
CI-25-0042,01,FTXM12WVJU9,20250201,NISA,11/01/2025,10/01/2025,MSI-NB-ALOGKOT
CI-25-0043,01,FTXM18WVJU9,20250201,NISA,11/01/2025,10/01/2025,MSI-NB-ALOGKOT
CI-25-0043,01,FTXM24WVJU9,20250201,NISA,11/01/2025,10/01/2025,MSI-NB-ALOGKOT
CI-25-0044,01,FTKM20YVMA,20250201,NISA,11/01/2025,10/01/2025,MSI-NB-ALOGKOT
CI-25-0044,01,FTKM25YVMA,20250201,NISA,11/01/2025,10/01/2025,MSI-NB-ALOGKOT
CI-25-0044,01,FTKM35YVMA,20250201,NISA,11/01/2025,10/01/2025,MSI-NB-ALOGKOT
CI-25-0044,01,FTXM20YVMA,20250201,NISA,11/01/2025,10/01/2025,MSI-NB-ALOGKOT
CI-25-0044,01,FTXM22ZVLT,20250201,NISA,11/01/2025,10/01/2025,MSI-NB-ALOGKOT
CI-25-0044,01,FTXM25YVMA,20250201,NISA,11/01/2025,10/01/2025,MSI-NB-ALOGKOT
CI-25-0044,01,FTXM28ZVLT,20250201,NISA,11/01/2025,10/01/2025,MSI-NB-ALOGKOT
CI-25-0044,01,FTXM35YVMA,20250201,NISA,11/01/2025,10/01/2025,MSI-NB-ALOGKOT
CI-25-0044,01,FTXM36ZVLT,20250201,NISA,11/01/2025,10/01/2025,MSI-NB-ALOGKOT
CI-25-0044,01,FTXM41ZVLT,20250201,NISA,11/01/2025,10/01/2025,MSI-NB-ALOGKOT
CI-25-0044,01,FTXM50ZVLT,20250201,NISA,11/01/2025,10/01/2025,MSI-NB-ALOGKOT
CI-25-0045,01,FTKZ12YV2S,20250201,NISA,11/01/2025,10/01/2025,MSI-NB-ALOGKOT
CI-25-0045,01,FTKZ15YV2S,20250201,NISA,11/01/2025,10/01/2025,MSI-NB-ALOGKOT
CI-25-0045,01,FTKZ18YV2S,20250201,NISA,11/01/2025,10/01/2025,MSI-NB-ALOGKOT
CI-25-0045,01,FTKZ24YV2S,20250201,NISA,11/01/2025,10/01/2025,MSI-NB-ALOGKOT
CI-25-0045,01,FTXM41YVLT,20250201,NISA,11/01/2025,10/01/2025,MSI-NB-ALOGKOT
CI-25-0045,01,FTXM50YVLT,20250201,NISA,11/01/2025,10/01/2025,MSI-NB-ALOGKOT
CI-25-0045,01,FTXM60YVLT,20250201,NISA,11/01/2025,10/01/2025,MSI-NB-ALOGKOT
CI-25-0045,01,FTXM71YVLT,20250201,NISA,11/01/2025,10/01/2025,MSI-NB-ALOGKOT
CI-25-0046,01,FTKZ09YV2S,20250201,NISA,11/01/2025,10/01/2025,MSI-NB-ALOGKOT
CI-25-0046,01,FTXM22YVLT,20250201,NISA,11/01/2025,10/01/2025,MSI-NB-ALOGKOT
CI-25-0046,01,FTXM28YVLT,20250201,NISA,11/01/2025,10/01/2025,MSI-NB-ALOGKOT
CI-25-0046,01,FTXM36YVLT,20250201,NISA,11/01/2025,10/01/2025,MSI-NB-ALOGKOT
CI-25-0047,01,ZFTKZ09YV2S,20250201,NISA,11/01/2025,10/01/2025,MSI-NB-ALOGKOT
CI-25-0048,01,ZFTKZ18YV2S,20250201,NISA,11/01/2025,10/01/2025,MSI-NB-ALOGKOT
CI-25-0049,01,FTKM09YV2S,20250201,NISA,11/01/2025,10/01/2025,MSI-NB-ALOGKOT
CI-25-0049,01,FTKM12YV2S,20250201,NISA,11/01/2025,10/01/2025,MSI-NB-ALOGKOT
CI-25-0049,01,FTKM15YV2S,20250201,NISA,11/01/2025,10/01/2025,MSI-NB-ALOGKOT
CI-25-0049,01,FTKY50WVMV,20250201,NISA,11/01/2025,10/01/2025,MSI-NB-ALOGKOT
CI-25-0049,01,FTKY50ZVMV,20250201,NISA,11/01/2025,10/01/2025,MSI-NB-ALOGKOT
CI-25-0049,01,FTKZ25VVMV,20250201,NISA,11/01/2025,10/01/2025,MSI-NB-ALOGKOT
CI-25-0049,01,FTKZ25WVM,20250201,NISA,11/01/2025,10/01/2025,MSI-NB-ALOGKOT
CI-25-0049,01,FTKZ25XVM4,20250201,NISA,11/01/2025,10/01/2025,MSI-NB-ALOGKOT
CI-25-0049,01,FTKZ35VVMV,20250201,NISA,11/01/2025,10/01/2025,MSI-NB-ALOGKOT
CI-25-0049,01,FTKZ35WVM,20250201,NISA,11/01/2025,10/01/2025,MSI-NB-ALOGKOT
CI-25-0049,01,FTKZ35XVM4,20250201,NISA,11/01/2025,10/01/2025,MSI-NB-ALOGKOT
CI-25-0049,01,ZFTKM09YV2S,20250201,NISA,11/01/2025,10/01/2025,MSI-NB-ALOGKOT
CI-25-0049,01,ZFTKY50WVMV,20250201,NISA,11/01/2025,10/01/2025,MSI-NB-ALOGKOT
CI-25-0049,01,ZFTKZ25VVMV,20250201,NISA,11/01/2025,10/01/2025,MSI-NB-ALOGKOT
CI-25-0050,01,FTKM09WV2S,20250201,NISA,11/01/2025,10/01/2025,MSI-NB-ALOGKOT
CI-25-0050,01,FTKM12WV2S,20250201,NISA,11/01/2025,10/01/2025,MSI-NB-ALOGKOT
CI-25-0050,01,FTKM15WV2S,20250201,NISA,11/01/2025,10/01/2025,MSI-NB-ALOGKOT
CI-25-0050,01,FTKZ09VV2S,20250201,NISA,11/01/2025,10/01/2025,MSI-NB-ALOGKOT
CI-25-0050,01,FTKZ12VV2S,20250201,NISA,11/01/2025,10/01/2025,MSI-NB-ALOGKOT
CI-25-0050,01,ZFTKM09WV2S,20250201,NISA,11/01/2025,10/01/2025,MSI-NB-ALOGKOT
CI-25-0050,01,ZFTKZ09VV2S,20250201,NISA,11/01/2025,10/01/2025,MSI-NB-ALOGKOT
CI-25-0051,01,FTKM20W2VMA,20250201,NISA,11/01/2025,10/01/2025,MSI-NB-ALOGKOT
CI-25-0051,01,FTKM20WVMA,20250201,NISA,11/01/2025,10/01/2025,MSI-NB-ALOGKOT
CI-25-0051,01,FTKM20YVMA,20250201,NISA,11/01/2025,10/01/2025,MSI-NB-ALOGKOT
CI-25-0051,01,FTKM25W2VMA,20250201,NISA,11/01/2025,10/01/2025,MSI-NB-ALOGKOT
CI-25-0051,01,FTKM25WVMA,20250201,NISA,11/01/2025,10/01/2025,MSI-NB-ALOGKOT
CI-25-0051,01,FTKM25YVMA,20250201,NISA,11/01/2025,10/01/2025,MSI-NB-ALOGKOT
CI-25-0051,01,FTKM35W2VMA,20250201,NISA,11/01/2025,10/01/2025,MSI-NB-ALOGKOT
CI-25-0051,01,FTKM35WVMA,20250201,NISA,11/01/2025,10/01/2025,MSI-NB-ALOGKOT
CI-25-0051,01,FTKM35YVMA,20250201,NISA,11/01/2025,10/01/2025,MSI-NB-ALOGKOT
CI-25-0051,01,FTKM46W2VMA,20250201,NISA,11/01/2025,10/01/2025,MSI-NB-ALOGKOT
CI-25-0051,01,FTKM46WVMA,20250201,NISA,11/01/2025,10/01/2025,MSI-NB-ALOGKOT
CI-25-0051,01,FTKZ09YV2S,20250201,NISA,11/01/2025,10/01/2025,MSI-NB-ALOGKOT
CI-25-0051,01,FTXM09VVJU,20250201,NISA,11/01/2025,10/01/2025,MSI-NB-ALOGKOT
CI-25-0051,01,FTXM09WVJU9,20250201,NISA,11/01/2025,10/01/2025,MSI-NB-ALOGKOT
CI-25-0051,01,FTXM12VVJU,20250201,NISA,11/01/2025,10/01/2025,MSI-NB-ALOGKOT
CI-25-0051,01,FTXM12WVJU9,20250201,NISA,11/01/2025,10/01/2025,MSI-NB-ALOGKOT
CI-25-0051,01,FTXM20W1VMA,20250201,NISA,11/01/2025,10/01/2025,MSI-NB-ALOGKOT
CI-25-0051,01,FTXM20W2VMA,20250201,NISA,11/01/2025,10/01/2025,MSI-NB-ALOGKOT
CI-25-0051,01,FTXM20WVMA,20250201,NISA,11/01/2025,10/01/2025,MSI-NB-ALOGKOT
CI-25-0051,01,FTXM20YVMA,20250201,NISA,11/01/2025,10/01/2025,MSI-NB-ALOGKOT
CI-25-0051,01,FTXM22VVLT,20250201,NISA,11/01/2025,10/01/2025,MSI-NB-ALOGKOT
CI-25-0051,01,FTXM22YVLT,20250201,NISA,11/01/2025,10/01/2025,MSI-NB-ALOGKOT
CI-25-0051,01,FTXM22ZVLT,20250201,NISA,11/01/2025,10/01/2025,MSI-NB-ALOGKOT
CI-25-0051,01,FTXM25W1VMA,20250201,NISA,11/01/2025,10/01/2025,MSI-NB-ALOGKOT
CI-25-0051,01,FTXM25W2VMA,20250201,NISA,11/01/2025,10/01/2025,MSI-NB-ALOGKOT
CI-25-0051,01,FTXM25WVMA,20250201,NISA,11/01/2025,10/01/2025,MSI-NB-ALOGKOT
CI-25-0051,01,FTXM25XVMV,20250201,NISA,11/01/2025,10/01/2025,MSI-NB-ALOGKOT
CI-25-0051,01,FTXM25YVMA,20250201,NISA,11/01/2025,10/01/2025,MSI-NB-ALOGKOT
CI-25-0051,01,FTXM28VVLT,20250201,NISA,11/01/2025,10/01/2025,MSI-NB-ALOGKOT
CI-25-0051,01,FTXM28YVLT,20250201,NISA,11/01/2025,10/01/2025,MSI-NB-ALOGKOT
CI-25-0051,01,FTXM28ZVLT,20250201,NISA,11/01/2025,10/01/2025,MSI-NB-ALOGKOT
CI-25-0051,01,FTXM35W1VMA,20250201,NISA,11/01/2025,10/01/2025,MSI-NB-ALOGKOT
CI-25-0051,01,FTXM35W2VMA,20250201,NISA,11/01/2025,10/01/2025,MSI-NB-ALOGKOT
CI-25-0051,01,FTXM35WVMA,20250201,NISA,11/01/2025,10/01/2025,MSI-NB-ALOGKOT
CI-25-0051,01,FTXM35XVMV,20250201,NISA,11/01/2025,10/01/2025,MSI-NB-ALOGKOT
CI-25-0051,01,FTXM35YVMA,20250201,NISA,11/01/2025,10/01/2025,MSI-NB-ALOGKOT
CI-25-0051,01,FTXM36VVLT,20250201,NISA,11/01/2025,10/01/2025,MSI-NB-ALOGKOT
CI-25-0051,01,FTXM36YVLT,20250201,NISA,11/01/2025,10/01/2025,MSI-NB-ALOGKOT
CI-25-0051,01,FTXM36ZVLT,20250201,NISA,11/01/2025,10/01/2025,MSI-NB-ALOGKOT
CI-25-0051,01,FTXM41ZVLT,20250201,NISA,11/01/2025,10/01/2025,MSI-NB-ALOGKOT
CI-25-0051,01,FTXM46W1VMA,20250201,NISA,11/01/2025,10/01/2025,MSI-NB-ALOGKOT
CI-25-0051,01,FTXM46W2VMA,20250201,NISA,11/01/2025,10/01/2025,MSI-NB-ALOGKOT
CI-25-0051,01,FTXM46WVMA,20250201,NISA,11/01/2025,10/01/2025,MSI-NB-ALOGKOT
CI-25-0051,01,FTXM50ZVLT,20250201,NISA,11/01/2025,10/01/2025,MSI-NB-ALOGKOT
CI-25-0051,01,FTXV22XVLT,20250201,NISA,11/01/2025,10/01/2025,MSI-NB-ALOGKOT
CI-25-0051,01,FTXV28XVLT,20250201,NISA,11/01/2025,10/01/2025,MSI-NB-ALOGKOT
CI-25-0051,01,FTXV36XVLT,20250201,NISA,11/01/2025,10/01/2025,MSI-NB-ALOGKOT
CI-25-0051,01,FTXV41XVLT,20250201,NISA,11/01/2025,10/01/2025,MSI-NB-ALOGKOT
CI-25-0051,01,FTXV50XVLT,20250201,NISA,11/01/2025,10/01/2025,MSI-NB-ALOGKOT
CI-25-0051,01,ZFTKZ09YV2S,20250201,NISA,11/01/2025,10/01/2025,MSI-NB-ALOGKOT
CI-25-0051,01,ZFTXM22VVLT,20250201,NISA,11/01/2025,10/01/2025,MSI-NB-ALOGKOT
CI-25-0052,01,FTKM18YV2S,20250201,NISA,11/01/2025,10/01/2025,MSI-NB-ALOGKOT
CI-25-0052,01,FTKM24YV2S,20250201,NISA,11/01/2025,10/01/2025,MSI-NB-ALOGKOT
CI-25-0052,01,FTKM50W2VMA,20250201,NISA,11/01/2025,10/01/2025,MSI-NB-ALOGKOT
CI-25-0052,01,FTKM50WVMA,20250201,NISA,11/01/2025,10/01/2025,MSI-NB-ALOGKOT
CI-25-0052,01,FTKM60W2VMA,20250201,NISA,11/01/2025,10/01/2025,MSI-NB-ALOGKOT
CI-25-0052,01,FTKM60WVMA,20250201,NISA,11/01/2025,10/01/2025,MSI-NB-ALOGKOT
CI-25-0052,01,FTKM71W2VMA,20250201,NISA,11/01/2025,10/01/2025,MSI-NB-ALOGKOT
CI-25-0052,01,FTKM71WVMA,20250201,NISA,11/01/2025,10/01/2025,MSI-NB-ALOGKOT
CI-25-0052,01,FTKM71ZVMG,20250201,NISA,11/01/2025,10/01/2025,MSI-NB-ALOGKOT
CI-25-0052,01,FTKY60WVMV,20250201,NISA,11/01/2025,10/01/2025,MSI-NB-ALOGKOT
CI-25-0052,01,FTKY60ZVMV,20250201,NISA,11/01/2025,10/01/2025,MSI-NB-ALOGKOT
CI-25-0052,01,FTKY71WVMV,20250201,NISA,11/01/2025,10/01/2025,MSI-NB-ALOGKOT
CI-25-0052,01,FTKY71ZVMV,20250201,NISA,11/01/2025,10/01/2025,MSI-NB-ALOGKOT
CI-25-0052,01,FTKZ12YV2S,20250201,NISA,11/01/2025,10/01/2025,MSI-NB-ALOGKOT
CI-25-0052,01,FTKZ15YV2S,20250201,NISA,11/01/2025,10/01/2025,MSI-NB-ALOGKOT
CI-25-0052,01,FTKZ18YV2S,20250201,NISA,11/01/2025,10/01/2025,MSI-NB-ALOGKOT
CI-25-0052,01,FTKZ24YV2S,20250201,NISA,11/01/2025,10/01/2025,MSI-NB-ALOGKOT
CI-25-0052,01,FTKZ50VVMV,20250201,NISA,11/01/2025,10/01/2025,MSI-NB-ALOGKOT
CI-25-0052,01,FTKZ50WVM,20250201,NISA,11/01/2025,10/01/2025,MSI-NB-ALOGKOT
CI-25-0052,01,FTKZ50XVM4,20250201,NISA,11/01/2025,10/01/2025,MSI-NB-ALOGKOT
CI-25-0052,01,FTKZ60VVMV,20250201,NISA,11/01/2025,10/01/2025,MSI-NB-ALOGKOT
CI-25-0052,01,FTKZ60WVM,20250201,NISA,11/01/2025,10/01/2025,MSI-NB-ALOGKOT
CI-25-0052,01,FTKZ60XVM4,20250201,NISA,11/01/2025,10/01/2025,MSI-NB-ALOGKOT
CI-25-0052,01,FTKZ71VVMV,20250201,NISA,11/01/2025,10/01/2025,MSI-NB-ALOGKOT
CI-25-0052,01,FTKZ71WVM,20250201,NISA,11/01/2025,10/01/2025,MSI-NB-ALOGKOT
CI-25-0052,01,FTKZ71XVM4,20250201,NISA,11/01/2025,10/01/2025,MSI-NB-ALOGKOT
CI-25-0052,01,FTXM18VVJU,20250201,NISA,11/01/2025,10/01/2025,MSI-NB-ALOGKOT
CI-25-0052,01,FTXM18WVJU9,20250201,NISA,11/01/2025,10/01/2025,MSI-NB-ALOGKOT
CI-25-0052,01,FTXM24VVJU,20250201,NISA,11/01/2025,10/01/2025,MSI-NB-ALOGKOT
CI-25-0052,01,FTXM24WVJU9,20250201,NISA,11/01/2025,10/01/2025,MSI-NB-ALOGKOT
CI-25-0052,01,FTXM41YVLT,20250201,NISA,11/01/2025,10/01/2025,MSI-NB-ALOGKOT
CI-25-0052,01,FTXM50W1VMA,20250201,NISA,11/01/2025,10/01/2025,MSI-NB-ALOGKOT
CI-25-0052,01,FTXM50W2VMA,20250201,NISA,11/01/2025,10/01/2025,MSI-NB-ALOGKOT
CI-25-0052,01,FTXM50WVMA,20250201,NISA,11/01/2025,10/01/2025,MSI-NB-ALOGKOT
CI-25-0052,01,FTXM50XVMV,20250201,NISA,11/01/2025,10/01/2025,MSI-NB-ALOGKOT
CI-25-0052,01,FTXM50YVLT,20250201,NISA,11/01/2025,10/01/2025,MSI-NB-ALOGKOT
CI-25-0052,01,FTXM60W1VMA,20250201,NISA,11/01/2025,10/01/2025,MSI-NB-ALOGKOT
CI-25-0052,01,FTXM60W2VMA,20250201,NISA,11/01/2025,10/01/2025,MSI-NB-ALOGKOT
CI-25-0052,01,FTXM60WVMA,20250201,NISA,11/01/2025,10/01/2025,MSI-NB-ALOGKOT
CI-25-0052,01,FTXM60XVMV,20250201,NISA,11/01/2025,10/01/2025,MSI-NB-ALOGKOT
CI-25-0052,01,FTXM60YVLT,20250201,NISA,11/01/2025,10/01/2025,MSI-NB-ALOGKOT
CI-25-0052,01,FTXM60ZVLT,20250201,NISA,11/01/2025,10/01/2025,MSI-NB-ALOGKOT
CI-25-0052,01,FTXM71W1VMA,20250201,NISA,11/01/2025,10/01/2025,MSI-NB-ALOGKOT
CI-25-0052,01,FTXM71W2VMA,20250201,NISA,11/01/2025,10/01/2025,MSI-NB-ALOGKOT
CI-25-0052,01,FTXM71WVMA,20250201,NISA,11/01/2025,10/01/2025,MSI-NB-ALOGKOT
CI-25-0052,01,FTXM71XVMV,20250201,NISA,11/01/2025,10/01/2025,MSI-NB-ALOGKOT
CI-25-0052,01,FTXM71YVLT,20250201,NISA,11/01/2025,10/01/2025,MSI-NB-ALOGKOT
CI-25-0052,01,FTXM71ZVLT,20250201,NISA,11/01/2025,10/01/2025,MSI-NB-ALOGKOT
CI-25-0052,01,FTXV60XVLT,20250201,NISA,11/01/2025,10/01/2025,MSI-NB-ALOGKOT
CI-25-0052,01,FTXV71XVLT,20250201,NISA,11/01/2025,10/01/2025,MSI-NB-ALOGKOT
CI-25-0052,01,FTXZ50VVMA,20250201,NISA,11/01/2025,10/01/2025,MSI-NB-ALOGKOT
CI-25-0052,01,FTXZ60VVMA,20250201,NISA,11/01/2025,10/01/2025,MSI-NB-ALOGKOT
CI-25-0052,01,FTXZ71VVMA,20250201,NISA,11/01/2025,10/01/2025,MSI-NB-ALOGKOT
CI-25-0052,01,ZFTKZ18YV2S,20250201,NISA,11/01/2025,10/01/2025,MSI-NB-ALOGKOT
CI-25-0053,01,FTKM18WV2S,20250201,NISA,11/01/2025,10/01/2025,MSI-NB-ALOGKOT
CI-25-0053,01,FTKM24WV2S,20250201,NISA,11/01/2025,10/01/2025,MSI-NB-ALOGKOT
CI-25-0053,01,FTKZ15VV2S,20250201,NISA,11/01/2025,10/01/2025,MSI-NB-ALOGKOT
CI-25-0053,01,FTKZ18VV2S,20250201,NISA,11/01/2025,10/01/2025,MSI-NB-ALOGKOT
CI-25-0053,01,FTKZ24VV2S,20250201,NISA,11/01/2025,10/01/2025,MSI-NB-ALOGKOT
CI-25-0053,01,FTXM41VVLT,20250201,NISA,11/01/2025,10/01/2025,MSI-NB-ALOGKOT
CI-25-0053,01,FTXM50VVLT,20250201,NISA,11/01/2025,10/01/2025,MSI-NB-ALOGKOT
CI-25-0053,01,FTXM60VVLT,20250201,NISA,11/01/2025,10/01/2025,MSI-NB-ALOGKOT
CI-25-0053,01,FTXM71VVLT,20250201,NISA,11/01/2025,10/01/2025,MSI-NB-ALOGKOT
CI-25-0053,01,ZFTKM18WV2S,20250201,NISA,11/01/2025,10/01/2025,MSI-NB-ALOGKOT
CI-25-0053,01,ZFTKM18YV2S,20250201,NISA,11/01/2025,10/01/2025,MSI-NB-ALOGKOT
CI-25-0053,01,ZFTKZ18VV2S,20250201,NISA,11/01/2025,10/01/2025,MSI-NB-ALOGKOT
CI-25-0053,01,ZFTKZ50VVMV,20250201,NISA,11/01/2025,10/01/2025,MSI-NB-ALOGKOT
CI-25-0054,01,RXLA36AAVJU,20250101,NISA,11/01/2025,11/01/2025,MSI-NB-ALOGKOT
CI-25-0055,01,RXLA48AAVJU,20250101,NISA,11/01/2025,11/01/2025,MSI-NB-ALOGKOT
CI-25-0056,01,RXTA24AAVJU,20250101,NISA,11/01/2025,11/01/2025,MSI-NB-ALOGKOT
CI-25-0057,01,RXTA36AAVJU,20250101,NISA,11/01/2025,11/01/2025,MSI-NB-ALOGKOT
CI-25-0058,01,RXTA48AAVJU,20250101,NISA,11/01/2025,11/01/2025,MSI-NB-ALOGKOT
CI-25-0059,01,RXTA60AAVJU,20250101,NISA,11/01/2025,11/01/2025,MSI-NB-ALOGKOT
CI-25-0060,01,RZA18AAVJU,20250101,NISA,11/01/2025,11/01/2025,MSI-NB-ALOGKOT
CI-25-0061,01,RZA24AAVJU,20250101,NISA,11/01/2025,11/01/2025,MSI-NB-ALOGKOT
CI-25-0062,01,RZA30AAVJU,20250101,NISA,11/01/2025,11/01/2025,MSI-NB-ALOGKOT
CI-25-0063,01,RZA36AAVJU,20250101,NISA,11/01/2025,11/01/2025,MSI-NB-ALOGKOT
CI-25-0064,01,RZA42AAVJU,20250101,NISA,11/01/2025,11/01/2025,MSI-NB-ALOGKOT
CI-25-0065,01,RZA48AAVJU,20250101,NISA,11/01/2025,11/01/2025,MSI-NB-ALOGKOT
CI-25-0066,01,RZFC40EVM,20250201,NISA,11/01/2025,11/01/2025,MSI-NB-ALOGKOT
CI-25-0066,01,RZFC50EVM,20250201,NISA,11/01/2025,11/01/2025,MSI-NB-ALOGKOT
CI-25-0066,01,RZFC60EVM,20250201,NISA,11/01/2025,11/01/2025,MSI-NB-ALOGKOT
CI-25-0066,01,RZFC71AVM,20250201,NISA,11/01/2025,11/01/2025,MSI-NB-ALOGKOT
CI-25-0066,01,RZFC71EVM,20250201,NISA,11/01/2025,11/01/2025,MSI-NB-ALOGKOT
CI-25-0067,01,RZFC100AVM,20250201,NISA,11/01/2025,11/01/2025,MSI-NB-ALOGKOT
CI-25-0067,01,RZFC100DV1G,20250201,NISA,11/01/2025,11/01/2025,MSI-NB-ALOGKOT
CI-25-0067,01,RZFC100DVM,20250201,NISA,11/01/2025,11/01/2025,MSI-NB-ALOGKOT
CI-25-0067,01,RZFC100EVM,20250201,NISA,11/01/2025,11/01/2025,MSI-NB-ALOGKOT
CI-25-0067,01,RZFC85DVM,20250201,NISA,11/01/2025,11/01/2025,MSI-NB-ALOGKOT
CI-25-0067,01,RZFC85EVM,20250201,NISA,11/01/2025,11/01/2025,MSI-NB-ALOGKOT
CI-25-0068,01,RXYMQ10TTLT,20250201,NISA,14/01/2025,14/01/2025,MSI-NB-ALOGKOT
CI-25-0068,01,RXYMQ10TYLT,20250201,NISA,14/01/2025,14/01/2025,MSI-NB-ALOGKOT
CI-25-0068,01,RXYMQ6TVET,20250201,NISA,14/01/2025,14/01/2025,MSI-NB-ALOGKOT
CI-25-0068,01,RXYMQ8TTLT,20250201,NISA,14/01/2025,14/01/2025,MSI-NB-ALOGKOT
CI-25-0068,01,RXYMQ8TYLT,20250201,NISA,14/01/2025,14/01/2025,MSI-NB-ALOGKOT
CI-25-0069,01,RXYMQ6TVET,20250201,NISA,14/01/2025,14/01/2025,MSI-NB-ALOGKOT
CI-25-0070,01,RXYMQ10TTLT,20250201,NISA,14/01/2025,14/01/2025,MSI-NB-ALOGKOT
CI-25-0070,01,RXYMQ10TYLT,20250201,NISA,14/01/2025,14/01/2025,MSI-NB-ALOGKOT
CI-25-0070,01,RXYMQ8TTLT,20250201,NISA,14/01/2025,14/01/2025,MSI-NB-ALOGKOT
CI-25-0070,01,RXYMQ8TYLT,20250201,NISA,14/01/2025,14/01/2025,MSI-NB-ALOGKOT
CI-25-0071,01,F285AVV-T,20250101,NISA,15/01/2025,15/01/2025,MSI-NB-ALOGKOT
CI-25-0072,01,F365AVV-T,20250101,NISA,15/01/2025,15/01/2025,MSI-NB-ALOGKOT
CI-25-0073,01,F405AVV-T,20250101,NISA,15/01/2025,15/01/2025,MSI-NB-ALOGKOT
CI-25-0074,01,F505AVV-T,20250101,NISA,15/01/2025,15/01/2025,MSI-NB-ALOGKOT
CI-25-0075,01,F565AVV-T,20250101,NISA,15/01/2025,15/01/2025,MSI-NB-ALOGKOT
CI-25-0076,01,F635AVV-T,20250101,NISA,15/01/2025,15/01/2025,MSI-NB-ALOGKOT
CI-25-0077,01,F285AVDV-T,20250101,NISA,15/01/2025,15/01/2025,MSI-NB-ALOGKOT
CI-25-0078,01,F405AVDV-T,20250101,NISA,15/01/2025,15/01/2025,MSI-NB-ALOGKOT
CI-25-0079,01,F505AVDV-T,20250101,NISA,15/01/2025,15/01/2025,MSI-NB-ALOGKOT
CI-25-0080,01,F565AVDV-T,20250101,NISA,15/01/2025,15/01/2025,MSI-NB-ALOGKOT
CI-25-0081,01,F285AVRV-T,20250101,NISA,15/01/2025,15/01/2025,MSI-NB-ALOGKOT
CI-25-0082,01,F365AVRV-T,20250101,NISA,15/01/2025,15/01/2025,MSI-NB-ALOGKOT
CI-25-0083,01,F405AVRV-T,20250101,NISA,15/01/2025,15/01/2025,MSI-NB-ALOGKOT
CI-25-0084,01,F505AVRV-T,20250101,NISA,15/01/2025,15/01/2025,MSI-NB-ALOGKOT
CI-25-0085,01,F565AVRV-T,20250101,NISA,15/01/2025,15/01/2025,MSI-NB-ALOGKOT
CI-25-0086,01,F635AVRV-T,20250101,NISA,15/01/2025,15/01/2025,MSI-NB-ALOGKOT
CI-25-0087,01,F285AVV-W,20250101,NISA,15/01/2025,15/01/2025,MSI-NB-ALOGKOT
CI-25-0088,01,F365AVV-W,20250101,NISA,15/01/2025,15/01/2025,MSI-NB-ALOGKOT
CI-25-0089,01,F405AVV-W,20250101,NISA,15/01/2025,15/01/2025,MSI-NB-ALOGKOT
CI-25-0090,01,F505AVV-W,20250101,NISA,15/01/2025,15/01/2025,MSI-NB-ALOGKOT
CI-25-0091,01,F565AVV-W,20250101,NISA,15/01/2025,15/01/2025,MSI-NB-ALOGKOT
CI-25-0092,01,F285AVRV-W,20250101,NISA,15/01/2025,15/01/2025,MSI-NB-ALOGKOT
CI-25-0093,01,F365AVRV-W,20250101,NISA,15/01/2025,15/01/2025,MSI-NB-ALOGKOT
CI-25-0094,01,F405AVRV-W,20250101,NISA,15/01/2025,15/01/2025,MSI-NB-ALOGKOT
CI-25-0095,01,F505AVRV-W,20250101,NISA,15/01/2025,15/01/2025,MSI-NB-ALOGKOT
CI-25-0096,01,F565AVRV-W,20250101,NISA,15/01/2025,15/01/2025,MSI-NB-ALOGKOT
CI-25-0097,01,F285AVDV-W,20250101,NISA,15/01/2025,15/01/2025,MSI-NB-ALOGKOT
CI-25-0098,01,F285AVV-T,20250101,NISA,15/01/2025,15/01/2025,MSI-NB-ALOGKOT
CI-25-0099,01,F365AVV-T,20250101,NISA,15/01/2025,15/01/2025,MSI-NB-ALOGKOT
CI-25-0100,01,F405AVV-T,20250101,NISA,15/01/2025,15/01/2025,MSI-NB-ALOGKOT
CI-25-0101,01,F505AVV-T,20250101,NISA,15/01/2025,15/01/2025,MSI-NB-ALOGKOT
CI-25-0102,01,F565AVV-T,20250101,NISA,15/01/2025,15/01/2025,MSI-NB-ALOGKOT
CI-25-0103,01,F285AVRV-T,20250101,NISA,15/01/2025,15/01/2025,MSI-NB-ALOGKOT
CI-25-0104,01,F365AVRV-T,20250101,NISA,15/01/2025,15/01/2025,MSI-NB-ALOGKOT
CI-25-0105,01,F405AVRV-T,20250101,NISA,15/01/2025,15/01/2025,MSI-NB-ALOGKOT
CI-25-0106,01,F505AVRV-T,20250101,NISA,15/01/2025,15/01/2025,MSI-NB-ALOGKOT
CI-25-0107,01,F565AVRV-T,20250101,NISA,15/01/2025,15/01/2025,MSI-NB-ALOGKOT
CI-25-0108,01,F285AVDV-T,20250101,NISA,15/01/2025,15/01/2025,MSI-NB-ALOGKOT
CI-25-0109,01,F635AVV-W,20250101,NISA,15/01/2025,15/01/2025,MSI-NB-ALOGKOT
CI-25-0110,01,F635AVRV-W,20250101,NISA,15/01/2025,15/01/2025,MSI-NB-ALOGKOT
CI-25-0111,01,F405AVDV-W,20250101,NISA,15/01/2025,15/01/2025,MSI-NB-ALOGKOT
CI-25-0112,01,F505AVDV-W,20250101,NISA,15/01/2025,15/01/2025,MSI-NB-ALOGKOT
CI-25-0113,01,F565AVDV-W,20250101,NISA,15/01/2025,15/01/2025,MSI-NB-ALOGKOT
CI-25-0114,01,F635AVV-T,20250101,NISA,15/01/2025,15/01/2025,MSI-NB-ALOGKOT
CI-25-0115,01,F635AVRV-T,20250101,NISA,15/01/2025,15/01/2025,MSI-NB-ALOGKOT
CI-25-0116,01,F405AVDV-T,20250101,NISA,15/01/2025,15/01/2025,MSI-NB-ALOGKOT
CI-25-0117,01,F505AVDV-T,20250101,NISA,15/01/2025,15/01/2025,MSI-NB-ALOGKOT
CI-25-0118,01,F565AVDV-T,20250101,NISA,15/01/2025,15/01/2025,MSI-NB-ALOGKOT
CI-25-0119,01,FXYAA16AA,20250201,NISA,17/01/2025,17/01/2025,MSI-NB-ALOGKOT
CI-25-0119,01,FXYAA22AA,20250201,NISA,17/01/2025,17/01/2025,MSI-NB-ALOGKOT
CI-25-0119,01,FXYAA28AA,20250201,NISA,17/01/2025,17/01/2025,MSI-NB-ALOGKOT
CI-25-0119,01,FXYAA36AA,20250201,NISA,17/01/2025,17/01/2025,MSI-NB-ALOGKOT
CI-25-0119,01,FXYAA45AA,20250201,NISA,17/01/2025,17/01/2025,MSI-NB-ALOGKOT
CI-25-0119,01,FXYAA56AA,20250201,NISA,17/01/2025,17/01/2025,MSI-NB-ALOGKOT
CI-25-0119,01,FXYAA71AA,20250201,NISA,17/01/2025,17/01/2025,MSI-NB-ALOGKOT
CI-25-0119,01,FXYCA112AA,20250201,NISA,17/01/2025,17/01/2025,MSI-NB-ALOGKOT
CI-25-0119,01,FXYCA140AA,20250201,NISA,17/01/2025,17/01/2025,MSI-NB-ALOGKOT
CI-25-0119,01,FXYCA160AA,20250201,NISA,17/01/2025,17/01/2025,MSI-NB-ALOGKOT
CI-25-0119,01,FXYCA22AA,20250201,NISA,17/01/2025,17/01/2025,MSI-NB-ALOGKOT
CI-25-0119,01,FXYCA28AA,20250201,NISA,17/01/2025,17/01/2025,MSI-NB-ALOGKOT
CI-25-0119,01,FXYCA36AA,20250201,NISA,17/01/2025,17/01/2025,MSI-NB-ALOGKOT
CI-25-0119,01,FXYCA45AA,20250201,NISA,17/01/2025,17/01/2025,MSI-NB-ALOGKOT
CI-25-0119,01,FXYCA56AA,20250201,NISA,17/01/2025,17/01/2025,MSI-NB-ALOGKOT
CI-25-0119,01,FXYCA71AA,20250201,NISA,17/01/2025,17/01/2025,MSI-NB-ALOGKOT
CI-25-0119,01,FXYCA80AA,20250201,NISA,17/01/2025,17/01/2025,MSI-NB-ALOGKOT
CI-25-0119,01,FXYCA90AA,20250201,NISA,17/01/2025,17/01/2025,MSI-NB-ALOGKOT
CI-25-0119,01,FXYMA112AA,20250201,NISA,17/01/2025,17/01/2025,MSI-NB-ALOGKOT
CI-25-0119,01,FXYMA140AA,20250201,NISA,17/01/2025,17/01/2025,MSI-NB-ALOGKOT
CI-25-0119,01,FXYMA160AA,20250201,NISA,17/01/2025,17/01/2025,MSI-NB-ALOGKOT
CI-25-0119,01,FXYMA45AA,20250201,NISA,17/01/2025,17/01/2025,MSI-NB-ALOGKOT
CI-25-0119,01,FXYMA56AA,20250201,NISA,17/01/2025,17/01/2025,MSI-NB-ALOGKOT
CI-25-0119,01,FXYMA71AA,20250201,NISA,17/01/2025,17/01/2025,MSI-NB-ALOGKOT
CI-25-0119,01,FXYMA90AA,20250201,NISA,17/01/2025,17/01/2025,MSI-NB-ALOGKOT
CI-25-0119,01,FXYMMA22AAL,20250201,NISA,17/01/2025,17/01/2025,MSI-NB-ALOGKOT
CI-25-0119,01,FXYMMA22AAR,20250201,NISA,17/01/2025,17/01/2025,MSI-NB-ALOGKOT
CI-25-0119,01,FXYMMA28AAL,20250201,NISA,17/01/2025,17/01/2025,MSI-NB-ALOGKOT
CI-25-0119,01,FXYMMA28AAR,20250201,NISA,17/01/2025,17/01/2025,MSI-NB-ALOGKOT
CI-25-0119,01,FXYMMA36AAL,20250201,NISA,17/01/2025,17/01/2025,MSI-NB-ALOGKOT
CI-25-0119,01,FXYMMA36AAR,20250201,NISA,17/01/2025,17/01/2025,MSI-NB-ALOGKOT
CI-25-0119,01,FXYSA112AA,20250201,NISA,17/01/2025,17/01/2025,MSI-NB-ALOGKOT
CI-25-0119,01,FXYSA140AA,20250201,NISA,17/01/2025,17/01/2025,MSI-NB-ALOGKOT
CI-25-0119,01,FXYSA22AA,20250201,NISA,17/01/2025,17/01/2025,MSI-NB-ALOGKOT
CI-25-0119,01,FXYSA28AA,20250201,NISA,17/01/2025,17/01/2025,MSI-NB-ALOGKOT
CI-25-0119,01,FXYSA36AA,20250201,NISA,17/01/2025,17/01/2025,MSI-NB-ALOGKOT
CI-25-0119,01,FXYSA45AA,20250201,NISA,17/01/2025,17/01/2025,MSI-NB-ALOGKOT
CI-25-0119,01,FXYSA56AA,20250201,NISA,17/01/2025,17/01/2025,MSI-NB-ALOGKOT
CI-25-0119,01,FXYSA71AA,20250201,NISA,17/01/2025,17/01/2025,MSI-NB-ALOGKOT
CI-25-0119,01,FXYSA90AA,20250201,NISA,17/01/2025,17/01/2025,MSI-NB-ALOGKOT
CI-25-0119,01,FXYZA22AA,20250201,NISA,17/01/2025,17/01/2025,MSI-NB-ALOGKOT
CI-25-0119,01,FXYZA28AA,20250201,NISA,17/01/2025,17/01/2025,MSI-NB-ALOGKOT
CI-25-0119,01,FXYZA36AA,20250201,NISA,17/01/2025,17/01/2025,MSI-NB-ALOGKOT
CI-25-0119,01,FXYZA45AA,20250201,NISA,17/01/2025,17/01/2025,MSI-NB-ALOGKOT
CI-25-0119,01,FXYZA56AA,20250201,NISA,17/01/2025,17/01/2025,MSI-NB-ALOGKOT
CI-25-0120,01,FBA18AAVJU,20250201,NISA,17/01/2025,17/01/2025,MSI-NB-ALOGKOT
CI-25-0120,01,FBA24AAVJU,20250201,NISA,17/01/2025,17/01/2025,MSI-NB-ALOGKOT
CI-25-0120,01,FBA30AAVJU,20250201,NISA,17/01/2025,17/01/2025,MSI-NB-ALOGKOT
CI-25-0120,01,FBA36AAVJU,20250201,NISA,17/01/2025,17/01/2025,MSI-NB-ALOGKOT
CI-25-0120,01,FBA42AAVJU,20250201,NISA,17/01/2025,17/01/2025,MSI-NB-ALOGKOT
CI-25-0120,01,FBA48AAVJU,20250201,NISA,17/01/2025,17/01/2025,MSI-NB-ALOGKOT
CI-25-0120,01,FXMA15AAVJU,20250201,NISA,17/01/2025,17/01/2025,MSI-NB-ALOGKOT
CI-25-0120,01,FXMA18AAVJU,20250201,NISA,17/01/2025,17/01/2025,MSI-NB-ALOGKOT
CI-25-0120,01,FXMA24AAVJU,20250201,NISA,17/01/2025,17/01/2025,MSI-NB-ALOGKOT
CI-25-0120,01,FXMA30AAVJU,20250201,NISA,17/01/2025,17/01/2025,MSI-NB-ALOGKOT
CI-25-0120,01,FXMA36AAVJU,20250201,NISA,17/01/2025,17/01/2025,MSI-NB-ALOGKOT
CI-25-0120,01,FXMA48AAVJU,20250201,NISA,17/01/2025,17/01/2025,MSI-NB-ALOGKOT
CI-25-0120,01,FXMA54AAVJU,20250201,NISA,17/01/2025,17/01/2025,MSI-NB-ALOGKOT
CI-25-0120,01,FXSA05AAVJU,20250201,NISA,17/01/2025,17/01/2025,MSI-NB-ALOGKOT
CI-25-0120,01,FXSA07AAVJU,20250201,NISA,17/01/2025,17/01/2025,MSI-NB-ALOGKOT
CI-25-0120,01,FXSA09AAVJU,20250201,NISA,17/01/2025,17/01/2025,MSI-NB-ALOGKOT
CI-25-0120,01,FXSA12AAVJU,20250201,NISA,17/01/2025,17/01/2025,MSI-NB-ALOGKOT
CI-25-0120,01,FXSA15AAVJU,20250201,NISA,17/01/2025,17/01/2025,MSI-NB-ALOGKOT
CI-25-0120,01,FXSA18AAVJU,20250201,NISA,17/01/2025,17/01/2025,MSI-NB-ALOGKOT
CI-25-0120,01,FXSA24AAVJU,20250201,NISA,17/01/2025,17/01/2025,MSI-NB-ALOGKOT
CI-25-0120,01,FXSA30AAVJU,20250201,NISA,17/01/2025,17/01/2025,MSI-NB-ALOGKOT
CI-25-0120,01,FXSA36AAVJU,20250201,NISA,17/01/2025,17/01/2025,MSI-NB-ALOGKOT
CI-25-0120,01,FXSA48AAVJU,20250201,NISA,17/01/2025,17/01/2025,MSI-NB-ALOGKOT
CI-25-0120,01,FXSA54AAVJU,20250201,NISA,17/01/2025,17/01/2025,MSI-NB-ALOGKOT
CI-25-0121,01,RC35NV14,20250201,NISA,18/01/2025,18/01/2025,MSI-NB-ALOGKOT
CI-25-0121,01,RHM25RAV1N,20250201,NISA,18/01/2025,18/01/2025,MSI-NB-ALOGKOT
CI-25-0121,01,RHM35RAV1N,20250201,NISA,18/01/2025,18/01/2025,MSI-NB-ALOGKOT
CI-25-0121,01,RKC25TAV1N,20250201,NISA,18/01/2025,18/01/2025,MSI-NB-ALOGKOT
CI-25-0121,01,RKC35TAV1N,20250201,NISA,18/01/2025,18/01/2025,MSI-NB-ALOGKOT
CI-25-0121,01,RKQ35TVM,20250201,NISA,18/01/2025,18/01/2025,MSI-NB-ALOGKOT
CI-25-0121,01,RKQ35UVM4,20250201,NISA,18/01/2025,18/01/2025,MSI-NB-ALOGKOT
CI-25-0121,01,RM09PV2S,20250201,NISA,18/01/2025,18/01/2025,MSI-NB-ALOGKOT
CI-25-0122,01,RC35NV14,20250201,NISA,18/01/2025,18/01/2025,MSI-NB-ALOGKOT
CI-25-0122,01,RHM25RAV1N,20250201,NISA,18/01/2025,18/01/2025,MSI-NB-ALOGKOT
CI-25-0122,01,RHM35RAV1N,20250201,NISA,18/01/2025,18/01/2025,MSI-NB-ALOGKOT
CI-25-0122,01,RKC25TAV1N,20250201,NISA,18/01/2025,18/01/2025,MSI-NB-ALOGKOT
CI-25-0122,01,RKC35TAV1N,20250201,NISA,18/01/2025,18/01/2025,MSI-NB-ALOGKOT
CI-25-0122,01,RKQ35TVM,20250201,NISA,18/01/2025,18/01/2025,MSI-NB-ALOGKOT
CI-25-0122,01,RKQ35UVM4,20250201,NISA,18/01/2025,18/01/2025,MSI-NB-ALOGKOT
CI-25-0122,01,RM09PV2S,20250201,NISA,18/01/2025,18/01/2025,MSI-NB-ALOGKOT
CI-25-0123,01,RNQ18NV2S,20250301,NISA,18/01/2025,18/01/2025,MSI-NB-ALOGKOT
CI-25-0123,01,RNQ24MV1V,20250301,NISA,18/01/2025,18/01/2025,MSI-NB-ALOGKOT
CI-25-0123,01,RNQ24MV2S,20250301,NISA,18/01/2025,18/01/2025,MSI-NB-ALOGKOT
CI-25-0123,01,RNQ26MV19,20250301,NISA,18/01/2025,18/01/2025,MSI-NB-ALOGKOT
CI-25-0123,01,RNQ26MY1,20250301,NISA,18/01/2025,18/01/2025,MSI-NB-ALOGKOT
CI-25-0123,01,RNQ71MV1,20250301,NISA,18/01/2025,18/01/2025,MSI-NB-ALOGKOT
CI-25-0123,01,RNQ71MY1,20250301,NISA,18/01/2025,18/01/2025,MSI-NB-ALOGKOT
CI-25-0124,01,RNQ18NV2S,20250301,NISA,18/01/2025,18/01/2025,MSI-NB-ALOGKOT
CI-25-0124,01,RNQ24MV1V,20250301,NISA,18/01/2025,18/01/2025,MSI-NB-ALOGKOT
CI-25-0124,01,RNQ24MV2S,20250301,NISA,18/01/2025,18/01/2025,MSI-NB-ALOGKOT
CI-25-0124,01,RNQ26MV19,20250301,NISA,18/01/2025,18/01/2025,MSI-NB-ALOGKOT
CI-25-0124,01,RNQ26MY1,20250301,NISA,18/01/2025,18/01/2025,MSI-NB-ALOGKOT
CI-25-0124,01,RNQ71MV1,20250301,NISA,18/01/2025,18/01/2025,MSI-NB-ALOGKOT
CI-25-0124,01,RNQ71MY1,20250301,NISA,18/01/2025,18/01/2025,MSI-NB-ALOGKOT
CI-25-0125,01,RKS50FVMA,20250301,NISA,18/01/2025,18/01/2025,MSI-NB-ALOGKOT
CI-25-0125,01,RKS60FVMA,20250301,NISA,18/01/2025,18/01/2025,MSI-NB-ALOGKOT
CI-25-0125,01,RXS50FVMA,20250301,NISA,18/01/2025,18/01/2025,MSI-NB-ALOGKOT
CI-25-0125,01,RXS50LVMN,20250301,NISA,18/01/2025,18/01/2025,MSI-NB-ALOGKOT
CI-25-0125,01,RXS60FVMA,20250301,NISA,18/01/2025,18/01/2025,MSI-NB-ALOGKOT
CI-25-0125,01,RXS60LVMN,20250301,NISA,18/01/2025,18/01/2025,MSI-NB-ALOGKOT
CI-25-0126,01,RKS50FVMA,20250301,NISA,18/01/2025,18/01/2025,MSI-NB-ALOGKOT
CI-25-0126,01,RKS60FVMA,20250301,NISA,18/01/2025,18/01/2025,MSI-NB-ALOGKOT
CI-25-0126,01,RXS50FVMA,20250301,NISA,18/01/2025,18/01/2025,MSI-NB-ALOGKOT
CI-25-0126,01,RXS50LVMN,20250301,NISA,18/01/2025,18/01/2025,MSI-NB-ALOGKOT
CI-25-0126,01,RXS60FVMA,20250301,NISA,18/01/2025,18/01/2025,MSI-NB-ALOGKOT
CI-25-0126,01,RXS60LVMN,20250301,NISA,18/01/2025,18/01/2025,MSI-NB-ALOGKOT
CI-25-0127,01,ARKS20CAVMB,20250301,NISA,18/01/2025,18/01/2025,MSI-NB-ALOGKOT
CI-25-0127,01,ARKS25CAVMB,20250301,NISA,18/01/2025,18/01/2025,MSI-NB-ALOGKOT
CI-25-0127,01,ARKS35CAVMB,20250301,NISA,18/01/2025,18/01/2025,MSI-NB-ALOGKOT
CI-25-0127,01,ARXS20CAVMB,20250301,NISA,18/01/2025,18/01/2025,MSI-NB-ALOGKOT
CI-25-0127,01,ARXS25CAVMB,20250301,NISA,18/01/2025,18/01/2025,MSI-NB-ALOGKOT
CI-25-0127,01,ARXS35CAVMB,20250301,NISA,18/01/2025,18/01/2025,MSI-NB-ALOGKOT
CI-25-0127,01,RE15GV2S,20250301,NISA,18/01/2025,18/01/2025,MSI-NB-ALOGKOT
CI-25-0127,01,RKS20CAVMB,20250301,NISA,18/01/2025,18/01/2025,MSI-NB-ALOGKOT
CI-25-0127,01,RKS20DAVMB,20250301,NISA,18/01/2025,18/01/2025,MSI-NB-ALOGKOT
CI-25-0127,01,RKS25CAVMB,20250301,NISA,18/01/2025,18/01/2025,MSI-NB-ALOGKOT
CI-25-0127,01,RKS25DAVMB,20250301,NISA,18/01/2025,18/01/2025,MSI-NB-ALOGKOT
CI-25-0127,01,RKS25EBVMA,20250301,NISA,18/01/2025,18/01/2025,MSI-NB-ALOGKOT
CI-25-0127,01,RKS25JVMA,20250301,NISA,18/01/2025,18/01/2025,MSI-NB-ALOGKOT
CI-25-0127,01,RKS35CAVMB,20250301,NISA,18/01/2025,18/01/2025,MSI-NB-ALOGKOT
CI-25-0127,01,RKS35DAVMB,20250301,NISA,18/01/2025,18/01/2025,MSI-NB-ALOGKOT
CI-25-0127,01,RKS35EBVMA,20250301,NISA,18/01/2025,18/01/2025,MSI-NB-ALOGKOT
CI-25-0127,01,RKS35JVMA,20250301,NISA,18/01/2025,18/01/2025,MSI-NB-ALOGKOT
CI-25-0127,01,RXS20CAVMB,20250301,NISA,18/01/2025,18/01/2025,MSI-NB-ALOGKOT
CI-25-0127,01,RXS20DAVMB,20250301,NISA,18/01/2025,18/01/2025,MSI-NB-ALOGKOT
CI-25-0127,01,RXS25CAVMB,20250301,NISA,18/01/2025,18/01/2025,MSI-NB-ALOGKOT
CI-25-0127,01,RXS25DAVMB,20250301,NISA,18/01/2025,18/01/2025,MSI-NB-ALOGKOT
CI-25-0127,01,RXS25EBVMA,20250301,NISA,18/01/2025,18/01/2025,MSI-NB-ALOGKOT
CI-25-0127,01,RXS25LVMN,20250301,NISA,18/01/2025,18/01/2025,MSI-NB-ALOGKOT
CI-25-0127,01,RXS35CAVMB,20250301,NISA,18/01/2025,18/01/2025,MSI-NB-ALOGKOT
CI-25-0127,01,RXS35DAVMB,20250301,NISA,18/01/2025,18/01/2025,MSI-NB-ALOGKOT
CI-25-0127,01,RXS35EBVMA,20250301,NISA,18/01/2025,18/01/2025,MSI-NB-ALOGKOT
CI-25-0127,01,RXS35LVMN,20250301,NISA,18/01/2025,18/01/2025,MSI-NB-ALOGKOT
CI-25-0128,01,ARKS20CAVMB,20250301,NISA,18/01/2025,18/01/2025,MSI-NB-ALOGKOT
CI-25-0128,01,ARKS25CAVMB,20250301,NISA,18/01/2025,18/01/2025,MSI-NB-ALOGKOT
CI-25-0128,01,ARKS35CAVMB,20250301,NISA,18/01/2025,18/01/2025,MSI-NB-ALOGKOT
CI-25-0128,01,ARXS20CAVMB,20250301,NISA,18/01/2025,18/01/2025,MSI-NB-ALOGKOT
CI-25-0128,01,ARXS25CAVMB,20250301,NISA,18/01/2025,18/01/2025,MSI-NB-ALOGKOT
CI-25-0128,01,ARXS35CAVMB,20250301,NISA,18/01/2025,18/01/2025,MSI-NB-ALOGKOT
CI-25-0128,01,RE15GV2S,20250301,NISA,18/01/2025,18/01/2025,MSI-NB-ALOGKOT
CI-25-0128,01,RKS20CAVMB,20250301,NISA,18/01/2025,18/01/2025,MSI-NB-ALOGKOT
CI-25-0128,01,RKS20DAVMB,20250301,NISA,18/01/2025,18/01/2025,MSI-NB-ALOGKOT
CI-25-0128,01,RKS25CAVMB,20250301,NISA,18/01/2025,18/01/2025,MSI-NB-ALOGKOT
CI-25-0128,01,RKS25DAVMB,20250301,NISA,18/01/2025,18/01/2025,MSI-NB-ALOGKOT
CI-25-0128,01,RKS25EBVMA,20250301,NISA,18/01/2025,18/01/2025,MSI-NB-ALOGKOT
CI-25-0128,01,RKS25JVMA,20250301,NISA,18/01/2025,18/01/2025,MSI-NB-ALOGKOT
CI-25-0128,01,RKS35CAVMB,20250301,NISA,18/01/2025,18/01/2025,MSI-NB-ALOGKOT
CI-25-0128,01,RKS35DAVMB,20250301,NISA,18/01/2025,18/01/2025,MSI-NB-ALOGKOT
CI-25-0128,01,RKS35EBVMA,20250301,NISA,18/01/2025,18/01/2025,MSI-NB-ALOGKOT
CI-25-0128,01,RKS35JVMA,20250301,NISA,18/01/2025,18/01/2025,MSI-NB-ALOGKOT
CI-25-0128,01,RXS20CAVMB,20250301,NISA,18/01/2025,18/01/2025,MSI-NB-ALOGKOT
CI-25-0128,01,RXS20DAVMB,20250301,NISA,18/01/2025,18/01/2025,MSI-NB-ALOGKOT
CI-25-0128,01,RXS25CAVMB,20250301,NISA,18/01/2025,18/01/2025,MSI-NB-ALOGKOT
CI-25-0128,01,RXS25DAVMB,20250301,NISA,18/01/2025,18/01/2025,MSI-NB-ALOGKOT
CI-25-0128,01,RXS25EBVMA,20250301,NISA,18/01/2025,18/01/2025,MSI-NB-ALOGKOT
CI-25-0128,01,RXS25LVMN,20250301,NISA,18/01/2025,18/01/2025,MSI-NB-ALOGKOT
CI-25-0128,01,RXS35CAVMB,20250301,NISA,18/01/2025,18/01/2025,MSI-NB-ALOGKOT
CI-25-0128,01,RXS35DAVMB,20250301,NISA,18/01/2025,18/01/2025,MSI-NB-ALOGKOT
CI-25-0128,01,RXS35EBVMA,20250301,NISA,18/01/2025,18/01/2025,MSI-NB-ALOGKOT
CI-25-0128,01,RXS35LVMN,20250301,NISA,18/01/2025,18/01/2025,MSI-NB-ALOGKOT
CI-25-0129,01,RM13PV2S,20250301,NISA,18/01/2025,18/01/2025,MSI-NB-ALOGKOT
CI-25-0129,01,RM15PV2S,20250301,NISA,18/01/2025,18/01/2025,MSI-NB-ALOGKOT
CI-25-0129,01,RM15PV2S9,20250301,NISA,18/01/2025,18/01/2025,MSI-NB-ALOGKOT
CI-25-0129,01,RNQ09MV1V,20250301,NISA,18/01/2025,18/01/2025,MSI-NB-ALOGKOT
CI-25-0129,01,RNQ13MV1,20250301,NISA,18/01/2025,18/01/2025,MSI-NB-ALOGKOT
CI-25-0129,01,RNQ13MV1V,20250301,NISA,18/01/2025,18/01/2025,MSI-NB-ALOGKOT
CI-25-0129,01,RNQ40MV1,20250301,NISA,18/01/2025,18/01/2025,MSI-NB-ALOGKOT
CI-25-0130,01,RM13PV2S,20250301,NISA,18/01/2025,18/01/2025,MSI-NB-ALOGKOT
CI-25-0130,01,RM15PV2S,20250301,NISA,18/01/2025,18/01/2025,MSI-NB-ALOGKOT
CI-25-0130,01,RM15PV2S9,20250301,NISA,18/01/2025,18/01/2025,MSI-NB-ALOGKOT
CI-25-0130,01,RNQ09MV1V,20250301,NISA,18/01/2025,18/01/2025,MSI-NB-ALOGKOT
CI-25-0130,01,RNQ13MV1,20250301,NISA,18/01/2025,18/01/2025,MSI-NB-ALOGKOT
CI-25-0130,01,RNQ13MV1V,20250301,NISA,18/01/2025,18/01/2025,MSI-NB-ALOGKOT
CI-25-0130,01,RNQ40MV1,20250301,NISA,18/01/2025,18/01/2025,MSI-NB-ALOGKOT
CI-25-0131,01,REYQ18BTL9,20250201,NISA,18/01/2025,18/01/2025,MSI-NB-ALOGKOT
CI-25-0131,01,REYQ20BTL9,20250201,NISA,18/01/2025,18/01/2025,MSI-NB-ALOGKOT
CI-25-0132,01,REYQ22BTL9,20250201,NISA,18/01/2025,18/01/2025,MSI-NB-ALOGKOT
CI-25-0132,01,REYQ24BTL9,20250201,NISA,18/01/2025,18/01/2025,MSI-NB-ALOGKOT
CI-25-0133,01,REYA144AATJA,20250201,NISA,18/01/2025,18/01/2025,MSI-NB-ALOGKOT
CI-25-0133,01,REYA168AATJA,20250201,NISA,18/01/2025,18/01/2025,MSI-NB-ALOGKOT
CI-25-0133,01,REYQ144AATJB,20250201,NISA,18/01/2025,18/01/2025,MSI-NB-ALOGKOT
CI-25-0133,01,REYQ168AATJB,20250201,NISA,18/01/2025,18/01/2025,MSI-NB-ALOGKOT
CI-25-0133,01,RXYA144AATJA,20250201,NISA,18/01/2025,18/01/2025,MSI-NB-ALOGKOT
CI-25-0133,01,RXYA168AATJA,20250201,NISA,18/01/2025,18/01/2025,MSI-NB-ALOGKOT
CI-25-0134,01,REYA192AATJA,20250201,NISA,18/01/2025,18/01/2025,MSI-NB-ALOGKOT
CI-25-0134,01,REYA216AATJA,20250201,NISA,18/01/2025,18/01/2025,MSI-NB-ALOGKOT
CI-25-0134,01,REYA240AATJA,20250201,NISA,18/01/2025,18/01/2025,MSI-NB-ALOGKOT
CI-25-0134,01,REYQ192AATJB,20250201,NISA,18/01/2025,18/01/2025,MSI-NB-ALOGKOT
CI-25-0134,01,REYQ216AATJB,20250201,NISA,18/01/2025,18/01/2025,MSI-NB-ALOGKOT
CI-25-0134,01,REYQ240AATJB,20250201,NISA,18/01/2025,18/01/2025,MSI-NB-ALOGKOT
CI-25-0134,01,RXYA192AATJA,20250201,NISA,18/01/2025,18/01/2025,MSI-NB-ALOGKOT
CI-25-0134,01,RXYA216AATJA,20250201,NISA,18/01/2025,18/01/2025,MSI-NB-ALOGKOT
CI-25-0134,01,RXYA240AATJA,20250201,NISA,18/01/2025,18/01/2025,MSI-NB-ALOGKOT
CI-25-0135,01,FXAQ100BVM,20250201,NISA,18/01/2025,18/01/2025,MSI-NB-ALOGKOT
CI-25-0135,01,FXAQ100BVM4,20250201,NISA,18/01/2025,18/01/2025,MSI-NB-ALOGKOT
CI-25-0135,01,FXAQ100BVMN,20250201,NISA,18/01/2025,18/01/2025,MSI-NB-ALOGKOT
CI-25-0135,01,FXAQ100BVMS,20250201,NISA,18/01/2025,18/01/2025,MSI-NB-ALOGKOT
CI-25-0135,01,FXAQ20BVM,20250201,NISA,18/01/2025,18/01/2025,MSI-NB-ALOGKOT
CI-25-0135,01,FXAQ20BVM4,20250201,NISA,18/01/2025,18/01/2025,MSI-NB-ALOGKOT
CI-25-0135,01,FXAQ20BVMN,20250201,NISA,18/01/2025,18/01/2025,MSI-NB-ALOGKOT
CI-25-0135,01,FXAQ20BVMS,20250201,NISA,18/01/2025,18/01/2025,MSI-NB-ALOGKOT
CI-25-0135,01,FXAQ25BVM,20250201,NISA,18/01/2025,18/01/2025,MSI-NB-ALOGKOT
CI-25-0135,01,FXAQ25BVM4,20250201,NISA,18/01/2025,18/01/2025,MSI-NB-ALOGKOT
CI-25-0135,01,FXAQ25BVMN,20250201,NISA,18/01/2025,18/01/2025,MSI-NB-ALOGKOT
CI-25-0135,01,FXAQ25BVMS,20250201,NISA,18/01/2025,18/01/2025,MSI-NB-ALOGKOT
CI-25-0135,01,FXAQ32BVM,20250201,NISA,18/01/2025,18/01/2025,MSI-NB-ALOGKOT
CI-25-0135,01,FXAQ32BVM4,20250201,NISA,18/01/2025,18/01/2025,MSI-NB-ALOGKOT
CI-25-0135,01,FXAQ32BVMN,20250201,NISA,18/01/2025,18/01/2025,MSI-NB-ALOGKOT
CI-25-0135,01,FXAQ32BVMS,20250201,NISA,18/01/2025,18/01/2025,MSI-NB-ALOGKOT
CI-25-0135,01,FXAQ40BVM,20250201,NISA,18/01/2025,18/01/2025,MSI-NB-ALOGKOT
CI-25-0135,01,FXAQ40BVM4,20250201,NISA,18/01/2025,18/01/2025,MSI-NB-ALOGKOT
CI-25-0135,01,FXAQ40BVMN,20250201,NISA,18/01/2025,18/01/2025,MSI-NB-ALOGKOT
CI-25-0135,01,FXAQ40BVMS,20250201,NISA,18/01/2025,18/01/2025,MSI-NB-ALOGKOT
CI-25-0135,01,FXAQ50BVM,20250201,NISA,18/01/2025,18/01/2025,MSI-NB-ALOGKOT
CI-25-0135,01,FXAQ50BVM4,20250201,NISA,18/01/2025,18/01/2025,MSI-NB-ALOGKOT
CI-25-0135,01,FXAQ50BVMN,20250201,NISA,18/01/2025,18/01/2025,MSI-NB-ALOGKOT
CI-25-0135,01,FXAQ50BVMS,20250201,NISA,18/01/2025,18/01/2025,MSI-NB-ALOGKOT
CI-25-0135,01,FXAQ63BVM,20250201,NISA,18/01/2025,18/01/2025,MSI-NB-ALOGKOT
CI-25-0135,01,FXAQ63BVM4,20250201,NISA,18/01/2025,18/01/2025,MSI-NB-ALOGKOT
CI-25-0135,01,FXAQ63BVMN,20250201,NISA,18/01/2025,18/01/2025,MSI-NB-ALOGKOT
CI-25-0135,01,FXAQ63BVMS,20250201,NISA,18/01/2025,18/01/2025,MSI-NB-ALOGKOT
CI-25-0135,01,FXAQ71BVM,20250201,NISA,18/01/2025,18/01/2025,MSI-NB-ALOGKOT
CI-25-0135,01,FXAQ71BVM4,20250201,NISA,18/01/2025,18/01/2025,MSI-NB-ALOGKOT
CI-25-0135,01,FXAQ71BVMN,20250201,NISA,18/01/2025,18/01/2025,MSI-NB-ALOGKOT
CI-25-0135,01,FXAQ71BVMS,20250201,NISA,18/01/2025,18/01/2025,MSI-NB-ALOGKOT
CI-25-0135,01,FXAQ80BVM,20250201,NISA,18/01/2025,18/01/2025,MSI-NB-ALOGKOT
CI-25-0135,01,FXAQ80BVM4,20250201,NISA,18/01/2025,18/01/2025,MSI-NB-ALOGKOT
CI-25-0135,01,FXAQ80BVMN,20250201,NISA,18/01/2025,18/01/2025,MSI-NB-ALOGKOT
CI-25-0135,01,FXAQ80BVMS,20250201,NISA,18/01/2025,18/01/2025,MSI-NB-ALOGKOT
CI-25-0135,01,ZFXAQ100BVMN,20250201,NISA,18/01/2025,18/01/2025,MSI-NB-ALOGKOT
CI-25-0135,01,ZFXAQ20BVMN,20250201,NISA,18/01/2025,18/01/2025,MSI-NB-ALOGKOT
CI-25-0135,01,ZFXAQ25BVMN,20250201,NISA,18/01/2025,18/01/2025,MSI-NB-ALOGKOT
CI-25-0135,01,ZFXAQ32BVMN,20250201,NISA,18/01/2025,18/01/2025,MSI-NB-ALOGKOT
CI-25-0135,01,ZFXAQ40BVMN,20250201,NISA,18/01/2025,18/01/2025,MSI-NB-ALOGKOT
CI-25-0135,01,ZFXAQ50BVMN,20250201,NISA,18/01/2025,18/01/2025,MSI-NB-ALOGKOT
CI-25-0135,01,ZFXAQ63BVMN,20250201,NISA,18/01/2025,18/01/2025,MSI-NB-ALOGKOT
CI-25-0135,01,ZFXAQ71BVMN,20250201,NISA,18/01/2025,18/01/2025,MSI-NB-ALOGKOT
CI-25-0135,01,ZFXAQ80BVMN,20250201,NISA,18/01/2025,18/01/2025,MSI-NB-ALOGKOT
CI-25-0136,01,FXAQ100BVM,20250201,NISA,18/01/2025,18/01/2025,MSI-NB-ALOGKOT
CI-25-0136,01,FXAQ100BVM4,20250201,NISA,18/01/2025,18/01/2025,MSI-NB-ALOGKOT
CI-25-0136,01,FXAQ100BVMN,20250201,NISA,18/01/2025,18/01/2025,MSI-NB-ALOGKOT
CI-25-0136,01,FXAQ100BVMS,20250201,NISA,18/01/2025,18/01/2025,MSI-NB-ALOGKOT
CI-25-0136,01,FXAQ20BVM,20250201,NISA,18/01/2025,18/01/2025,MSI-NB-ALOGKOT
CI-25-0136,01,FXAQ20BVM4,20250201,NISA,18/01/2025,18/01/2025,MSI-NB-ALOGKOT
CI-25-0136,01,FXAQ20BVMN,20250201,NISA,18/01/2025,18/01/2025,MSI-NB-ALOGKOT
CI-25-0136,01,FXAQ20BVMS,20250201,NISA,18/01/2025,18/01/2025,MSI-NB-ALOGKOT
CI-25-0136,01,FXAQ25BVM,20250201,NISA,18/01/2025,18/01/2025,MSI-NB-ALOGKOT
CI-25-0136,01,FXAQ25BVM4,20250201,NISA,18/01/2025,18/01/2025,MSI-NB-ALOGKOT
CI-25-0136,01,FXAQ25BVMN,20250201,NISA,18/01/2025,18/01/2025,MSI-NB-ALOGKOT
CI-25-0136,01,FXAQ25BVMS,20250201,NISA,18/01/2025,18/01/2025,MSI-NB-ALOGKOT
CI-25-0136,01,FXAQ32BVM,20250201,NISA,18/01/2025,18/01/2025,MSI-NB-ALOGKOT
CI-25-0136,01,FXAQ32BVM4,20250201,NISA,18/01/2025,18/01/2025,MSI-NB-ALOGKOT
CI-25-0136,01,FXAQ32BVMN,20250201,NISA,18/01/2025,18/01/2025,MSI-NB-ALOGKOT
CI-25-0136,01,FXAQ32BVMS,20250201,NISA,18/01/2025,18/01/2025,MSI-NB-ALOGKOT
CI-25-0136,01,FXAQ40BVM,20250201,NISA,18/01/2025,18/01/2025,MSI-NB-ALOGKOT
CI-25-0136,01,FXAQ40BVM4,20250201,NISA,18/01/2025,18/01/2025,MSI-NB-ALOGKOT
CI-25-0136,01,FXAQ40BVMN,20250201,NISA,18/01/2025,18/01/2025,MSI-NB-ALOGKOT
CI-25-0136,01,FXAQ40BVMS,20250201,NISA,18/01/2025,18/01/2025,MSI-NB-ALOGKOT
CI-25-0136,01,FXAQ50BVM,20250201,NISA,18/01/2025,18/01/2025,MSI-NB-ALOGKOT
CI-25-0136,01,FXAQ50BVM4,20250201,NISA,18/01/2025,18/01/2025,MSI-NB-ALOGKOT
CI-25-0136,01,FXAQ50BVMN,20250201,NISA,18/01/2025,18/01/2025,MSI-NB-ALOGKOT
CI-25-0136,01,FXAQ50BVMS,20250201,NISA,18/01/2025,18/01/2025,MSI-NB-ALOGKOT
CI-25-0136,01,FXAQ63BVM,20250201,NISA,18/01/2025,18/01/2025,MSI-NB-ALOGKOT
CI-25-0136,01,FXAQ63BVM4,20250201,NISA,18/01/2025,18/01/2025,MSI-NB-ALOGKOT
CI-25-0136,01,FXAQ63BVMN,20250201,NISA,18/01/2025,18/01/2025,MSI-NB-ALOGKOT
CI-25-0136,01,FXAQ63BVMS,20250201,NISA,18/01/2025,18/01/2025,MSI-NB-ALOGKOT
CI-25-0136,01,FXAQ71BVM,20250201,NISA,18/01/2025,18/01/2025,MSI-NB-ALOGKOT
CI-25-0136,01,FXAQ71BVM4,20250201,NISA,18/01/2025,18/01/2025,MSI-NB-ALOGKOT
CI-25-0136,01,FXAQ71BVMN,20250201,NISA,18/01/2025,18/01/2025,MSI-NB-ALOGKOT
CI-25-0136,01,FXAQ71BVMS,20250201,NISA,18/01/2025,18/01/2025,MSI-NB-ALOGKOT
CI-25-0136,01,FXAQ80BVM,20250201,NISA,18/01/2025,18/01/2025,MSI-NB-ALOGKOT
CI-25-0136,01,FXAQ80BVM4,20250201,NISA,18/01/2025,18/01/2025,MSI-NB-ALOGKOT
CI-25-0136,01,FXAQ80BVMN,20250201,NISA,18/01/2025,18/01/2025,MSI-NB-ALOGKOT
CI-25-0136,01,FXAQ80BVMS,20250201,NISA,18/01/2025,18/01/2025,MSI-NB-ALOGKOT
CI-25-0136,01,ZFXAQ100BVMN,20250201,NISA,18/01/2025,18/01/2025,MSI-NB-ALOGKOT
CI-25-0136,01,ZFXAQ20BVMN,20250201,NISA,18/01/2025,18/01/2025,MSI-NB-ALOGKOT
CI-25-0136,01,ZFXAQ25BVMN,20250201,NISA,18/01/2025,18/01/2025,MSI-NB-ALOGKOT
CI-25-0136,01,ZFXAQ32BVMN,20250201,NISA,18/01/2025,18/01/2025,MSI-NB-ALOGKOT
CI-25-0136,01,ZFXAQ40BVMN,20250201,NISA,18/01/2025,18/01/2025,MSI-NB-ALOGKOT
CI-25-0136,01,ZFXAQ50BVMN,20250201,NISA,18/01/2025,18/01/2025,MSI-NB-ALOGKOT
CI-25-0136,01,ZFXAQ63BVMN,20250201,NISA,18/01/2025,18/01/2025,MSI-NB-ALOGKOT
CI-25-0136,01,ZFXAQ71BVMN,20250201,NISA,18/01/2025,18/01/2025,MSI-NB-ALOGKOT
CI-25-0136,01,ZFXAQ80BVMN,20250201,NISA,18/01/2025,18/01/2025,MSI-NB-ALOGKOT
CI-25-0137,01,RXQ8BY14,20250201,NISA,22/01/2025,22/01/2025,MSI-NB-ALOGKOT
CI-25-0137,01,RXQ8BY1S,20250201,NISA,22/01/2025,22/01/2025,MSI-NB-ALOGKOT
CI-25-0137,01,RXQ8BYM,20250201,NISA,22/01/2025,22/01/2025,MSI-NB-ALOGKOT
CI-25-0137,01,RXQ8BYMG,20250201,NISA,22/01/2025,22/01/2025,MSI-NB-ALOGKOT
CI-25-0138,01,RXQ10BY14,20250201,NISA,22/01/2025,22/01/2025,MSI-NB-ALOGKOT
CI-25-0138,01,RXQ10BY1S,20250201,NISA,22/01/2025,22/01/2025,MSI-NB-ALOGKOT
CI-25-0138,01,RXQ10BYM,20250201,NISA,22/01/2025,22/01/2025,MSI-NB-ALOGKOT
CI-25-0138,01,RXQ10BYMG,20250201,NISA,22/01/2025,22/01/2025,MSI-NB-ALOGKOT
CI-25-0138,01,RXQ12BY14,20250201,NISA,22/01/2025,22/01/2025,MSI-NB-ALOGKOT
CI-25-0138,01,RXQ12BY1S,20250201,NISA,22/01/2025,22/01/2025,MSI-NB-ALOGKOT
CI-25-0138,01,RXQ12BYM,20250201,NISA,22/01/2025,22/01/2025,MSI-NB-ALOGKOT
CI-25-0138,01,RXQ12BYMG,20250201,NISA,22/01/2025,22/01/2025,MSI-NB-ALOGKOT
CI-25-0139,01,RXQ14BY14,20250201,NISA,22/01/2025,22/01/2025,MSI-NB-ALOGKOT
CI-25-0139,01,RXQ14BY1S,20250201,NISA,22/01/2025,22/01/2025,MSI-NB-ALOGKOT
CI-25-0139,01,RXQ14BYM,20250201,NISA,22/01/2025,22/01/2025,MSI-NB-ALOGKOT
CI-25-0139,01,RXQ14BYMG,20250201,NISA,22/01/2025,22/01/2025,MSI-NB-ALOGKOT
CI-25-0140,01,RXQ16BY14,20250201,NISA,22/01/2025,22/01/2025,MSI-NB-ALOGKOT
CI-25-0140,01,RXQ16BY1S,20250201,NISA,22/01/2025,22/01/2025,MSI-NB-ALOGKOT
CI-25-0140,01,RXQ16BYM,20250201,NISA,22/01/2025,22/01/2025,MSI-NB-ALOGKOT
CI-25-0140,01,RXQ16BYMG,20250201,NISA,22/01/2025,22/01/2025,MSI-NB-ALOGKOT
CI-25-0140,01,RXQ18BY14,20250201,NISA,22/01/2025,22/01/2025,MSI-NB-ALOGKOT
CI-25-0140,01,RXQ18BY1S,20250201,NISA,22/01/2025,22/01/2025,MSI-NB-ALOGKOT
CI-25-0140,01,RXQ18BYM,20250201,NISA,22/01/2025,22/01/2025,MSI-NB-ALOGKOT
CI-25-0140,01,RXQ18BYMG,20250201,NISA,22/01/2025,22/01/2025,MSI-NB-ALOGKOT
CI-25-0141,01,RXQ20BY14,20250201,NISA,22/01/2025,22/01/2025,MSI-NB-ALOGKOT
CI-25-0141,01,RXQ20BY1S,20250201,NISA,22/01/2025,22/01/2025,MSI-NB-ALOGKOT
CI-25-0141,01,RXQ20BYM,20250201,NISA,22/01/2025,22/01/2025,MSI-NB-ALOGKOT
CI-25-0141,01,RXQ20BYMG,20250201,NISA,22/01/2025,22/01/2025,MSI-NB-ALOGKOT
CI-25-0142,01,RXQ22BY14,20250201,NISA,22/01/2025,22/01/2025,MSI-NB-ALOGKOT
CI-25-0142,01,RXQ22BY1S,20250201,NISA,22/01/2025,22/01/2025,MSI-NB-ALOGKOT
CI-25-0142,01,RXQ22BYM,20250201,NISA,22/01/2025,22/01/2025,MSI-NB-ALOGKOT
CI-25-0142,01,RXQ22BYMG,20250201,NISA,22/01/2025,22/01/2025,MSI-NB-ALOGKOT
CI-25-0142,01,RXQ24BY14,20250201,NISA,22/01/2025,22/01/2025,MSI-NB-ALOGKOT
CI-25-0142,01,RXQ24BY1S,20250201,NISA,22/01/2025,22/01/2025,MSI-NB-ALOGKOT
CI-25-0142,01,RXQ24BYM,20250201,NISA,22/01/2025,22/01/2025,MSI-NB-ALOGKOT
CI-25-0142,01,RXQ24BYMG,20250201,NISA,22/01/2025,22/01/2025,MSI-NB-ALOGKOT
CI-25-0142,01,RXQ26BY14,20250201,NISA,22/01/2025,22/01/2025,MSI-NB-ALOGKOT
CI-25-0142,01,RXQ26BY1S,20250201,NISA,22/01/2025,22/01/2025,MSI-NB-ALOGKOT
CI-25-0142,01,RXQ26BYM,20250201,NISA,22/01/2025,22/01/2025,MSI-NB-ALOGKOT
CI-25-0142,01,RXQ26BYMG,20250201,NISA,22/01/2025,22/01/2025,MSI-NB-ALOGKOT
CI-25-0143,01,RXQ8BTL,20250201,NISA,22/01/2025,22/01/2025,MSI-NB-ALOGKOT
CI-25-0144,01,RXQ10BTL,20250201,NISA,22/01/2025,22/01/2025,MSI-NB-ALOGKOT
CI-25-0144,01,RXQ12BTL,20250201,NISA,22/01/2025,22/01/2025,MSI-NB-ALOGKOT
CI-25-0145,01,RXQ14BTL,20250201,NISA,22/01/2025,22/01/2025,MSI-NB-ALOGKOT
CI-25-0146,01,RXQ16BTL,20250201,NISA,22/01/2025,22/01/2025,MSI-NB-ALOGKOT
CI-25-0146,01,RXQ18BTL,20250201,NISA,22/01/2025,22/01/2025,MSI-NB-ALOGKOT
CI-25-0147,01,RXQ20BTL,20250201,NISA,22/01/2025,22/01/2025,MSI-NB-ALOGKOT
CI-25-0148,01,RXQ22BTL,20250201,NISA,22/01/2025,22/01/2025,MSI-NB-ALOGKOT
CI-25-0148,01,RXQ24BTL,20250201,NISA,22/01/2025,22/01/2025,MSI-NB-ALOGKOT
CI-25-0148,01,RXQ26BTL,20250201,NISA,22/01/2025,22/01/2025,MSI-NB-ALOGKOT
CI-25-0149,01,BRYR37A1,20250101,NISA,22/01/2025,22/01/2025,MSI-NB-ALOGKOT
CI-25-0150,01,BRYR55A1,20250101,NISA,22/01/2025,22/01/2025,MSI-NB-ALOGKOT
CI-25-0151,01,FXAQ18PVJU,20250201,NISA,23/01/2025,23/01/2025,MSI-NB-ALOGKOT
CI-25-0151,01,FXAQ24PVJU,20250201,NISA,23/01/2025,23/01/2025,MSI-NB-ALOGKOT
CI-25-0152,01,FXAQ18PVJU,20250201,NISA,23/01/2025,23/01/2025,MSI-NB-ALOGKOT
CI-25-0152,01,FXAQ24PVJU,20250201,NISA,23/01/2025,23/01/2025,MSI-NB-ALOGKOT
CI-25-0153,01,FXAQ18PVJU,20250201,NISA,23/01/2025,23/01/2025,MSI-NB-ALOGKOT
CI-25-0153,01,FXAQ24PVJU,20250201,NISA,23/01/2025,23/01/2025,MSI-NB-ALOGKOT
CI-25-0154,01,FAA100BVMA,20250201,NISA,23/01/2025,23/01/2025,MSI-NB-ALOGKOT
CI-25-0154,01,FAA85BVMA,20250201,NISA,23/01/2025,23/01/2025,MSI-NB-ALOGKOT
CI-25-0154,01,FAQ100CVEA,20250201,NISA,23/01/2025,23/01/2025,MSI-NB-ALOGKOT
CI-25-0154,01,FTXC100AV1A,20250201,NISA,23/01/2025,23/01/2025,MSI-NB-ALOGKOT
CI-25-0154,01,FTXC85AV1A,20250201,NISA,23/01/2025,23/01/2025,MSI-NB-ALOGKOT
CI-25-0155,01,FAA100BVMA,20250201,NISA,23/01/2025,23/01/2025,MSI-NB-ALOGKOT
CI-25-0155,01,FAA85BVMA,20250201,NISA,23/01/2025,23/01/2025,MSI-NB-ALOGKOT
CI-25-0155,01,FAQ100CVEA,20250201,NISA,23/01/2025,23/01/2025,MSI-NB-ALOGKOT
CI-25-0155,01,FTXC100AV1A,20250201,NISA,23/01/2025,23/01/2025,MSI-NB-ALOGKOT
CI-25-0155,01,FTXC85AV1A,20250201,NISA,23/01/2025,23/01/2025,MSI-NB-ALOGKOT
CI-25-0156,01,FAA100BVMAN,20250201,NISA,23/01/2025,23/01/2025,MSI-NB-ALOGKOT
CI-25-0157,01,FAA71BVMA,20250201,NISA,23/01/2025,23/01/2025,MSI-NB-ALOGKOT
CI-25-0157,01,FAA71CVA,20250201,NISA,23/01/2025,23/01/2025,MSI-NB-ALOGKOT
CI-25-0157,01,FTXC50AV1A,20250201,NISA,23/01/2025,23/01/2025,MSI-NB-ALOGKOT
CI-25-0157,01,FTXC60AV1A,20250201,NISA,23/01/2025,23/01/2025,MSI-NB-ALOGKOT
CI-25-0157,01,FTXC71AV1A,20250201,NISA,23/01/2025,23/01/2025,MSI-NB-ALOGKOT
CI-25-0158,01,FAA76BVMAN,20250201,NISA,23/01/2025,23/01/2025,MSI-NB-ALOGKOT
CI-25-0159,01,AXAP71MA,20250201,NISA,23/01/2025,23/01/2025,MSI-NB-ALOGKOT
CI-25-0159,01,FGXAP71MA,20250201,NISA,23/01/2025,23/01/2025,MSI-NB-ALOGKOT
CI-25-0159,01,FXA40LVE,20250201,NISA,23/01/2025,23/01/2025,MSI-NB-ALOGKOT
CI-25-0159,01,FXA50LVE,20250201,NISA,23/01/2025,23/01/2025,MSI-NB-ALOGKOT
CI-25-0159,01,FXA63LVE,20250201,NISA,23/01/2025,23/01/2025,MSI-NB-ALOGKOT
CI-25-0159,01,YZAP71MA,20250201,NISA,23/01/2025,23/01/2025,MSI-NB-ALOGKOT
CI-25-0160,01,FXYAP45MCR1,20250201,NISA,23/01/2025,23/01/2025,MSI-NB-ALOGKOT
CI-25-0160,01,FXYAP56MCR1,20250201,NISA,23/01/2025,23/01/2025,MSI-NB-ALOGKOT
CI-25-0160,01,YZAP45PVE,20250201,NISA,23/01/2025,23/01/2025,MSI-NB-ALOGKOT
CI-25-0160,01,YZAP56PVE,20250201,NISA,23/01/2025,23/01/2025,MSI-NB-ALOGKOT
CI-25-0160,01,YZAP71PVE,20250201,NISA,23/01/2025,23/01/2025,MSI-NB-ALOGKOT
CI-25-0161,01,FXYAP45MCR1,20250201,NISA,23/01/2025,23/01/2025,MSI-NB-ALOGKOT
CI-25-0161,01,FXYAP56MCR1,20250201,NISA,23/01/2025,23/01/2025,MSI-NB-ALOGKOT
CI-25-0161,01,YZAP45PVE,20250201,NISA,23/01/2025,23/01/2025,MSI-NB-ALOGKOT
CI-25-0161,01,YZAP56PVE,20250201,NISA,23/01/2025,23/01/2025,MSI-NB-ALOGKOT
CI-25-0161,01,YZAP71PVE,20250201,NISA,23/01/2025,23/01/2025,MSI-NB-ALOGKOT
CI-25-0162,01,FXAQ40AVLT,20250201,NISA,23/01/2025,23/01/2025,MSI-NB-ALOGKOT
CI-25-0162,01,FXAQ40AVM,20250201,NISA,23/01/2025,23/01/2025,MSI-NB-ALOGKOT
CI-25-0162,01,FXAQ40AVM2,20250201,NISA,23/01/2025,23/01/2025,MSI-NB-ALOGKOT
CI-25-0162,01,FXAQ40AVM4,20250201,NISA,23/01/2025,23/01/2025,MSI-NB-ALOGKOT
CI-25-0162,01,FXAQ40AVMS,20250201,NISA,23/01/2025,23/01/2025,MSI-NB-ALOGKOT
CI-25-0162,01,FXAQ50AVLT,20250201,NISA,23/01/2025,23/01/2025,MSI-NB-ALOGKOT
CI-25-0162,01,FXAQ50AVM,20250201,NISA,23/01/2025,23/01/2025,MSI-NB-ALOGKOT
CI-25-0162,01,FXAQ50AVM2,20250201,NISA,23/01/2025,23/01/2025,MSI-NB-ALOGKOT
CI-25-0162,01,FXAQ50AVM4,20250201,NISA,23/01/2025,23/01/2025,MSI-NB-ALOGKOT
CI-25-0162,01,FXAQ50AVMS,20250201,NISA,23/01/2025,23/01/2025,MSI-NB-ALOGKOT
CI-25-0162,01,FXAQ63AVLT,20250201,NISA,23/01/2025,23/01/2025,MSI-NB-ALOGKOT
CI-25-0162,01,FXAQ63AVM,20250201,NISA,23/01/2025,23/01/2025,MSI-NB-ALOGKOT
CI-25-0162,01,FXAQ63AVM2,20250201,NISA,23/01/2025,23/01/2025,MSI-NB-ALOGKOT
CI-25-0162,01,FXAQ63AVM4,20250201,NISA,23/01/2025,23/01/2025,MSI-NB-ALOGKOT
CI-25-0162,01,FXAQ63AVMS,20250201,NISA,23/01/2025,23/01/2025,MSI-NB-ALOGKOT
CI-25-0163,01,FXAQ40AVLT,20250201,NISA,23/01/2025,23/01/2025,MSI-NB-ALOGKOT
CI-25-0163,01,FXAQ40AVM,20250201,NISA,23/01/2025,23/01/2025,MSI-NB-ALOGKOT
CI-25-0163,01,FXAQ40AVM2,20250201,NISA,23/01/2025,23/01/2025,MSI-NB-ALOGKOT
CI-25-0163,01,FXAQ40AVM4,20250201,NISA,23/01/2025,23/01/2025,MSI-NB-ALOGKOT
CI-25-0163,01,FXAQ40AVMS,20250201,NISA,23/01/2025,23/01/2025,MSI-NB-ALOGKOT
CI-25-0163,01,FXAQ50AVLT,20250201,NISA,23/01/2025,23/01/2025,MSI-NB-ALOGKOT
CI-25-0163,01,FXAQ50AVM,20250201,NISA,23/01/2025,23/01/2025,MSI-NB-ALOGKOT
CI-25-0163,01,FXAQ50AVM2,20250201,NISA,23/01/2025,23/01/2025,MSI-NB-ALOGKOT
CI-25-0163,01,FXAQ50AVM4,20250201,NISA,23/01/2025,23/01/2025,MSI-NB-ALOGKOT
CI-25-0163,01,FXAQ50AVMS,20250201,NISA,23/01/2025,23/01/2025,MSI-NB-ALOGKOT
CI-25-0163,01,FXAQ63AVLT,20250201,NISA,23/01/2025,23/01/2025,MSI-NB-ALOGKOT
CI-25-0163,01,FXAQ63AVM,20250201,NISA,23/01/2025,23/01/2025,MSI-NB-ALOGKOT
CI-25-0163,01,FXAQ63AVM2,20250201,NISA,23/01/2025,23/01/2025,MSI-NB-ALOGKOT
CI-25-0163,01,FXAQ63AVM4,20250201,NISA,23/01/2025,23/01/2025,MSI-NB-ALOGKOT
CI-25-0163,01,FXAQ63AVMS,20250201,NISA,23/01/2025,23/01/2025,MSI-NB-ALOGKOT
CI-25-0164,01,YZAP22PVE,20250201,NISA,23/01/2025,23/01/2025,MSI-NB-ALOGKOT
CI-25-0164,01,YZAP28PVE,20250201,NISA,23/01/2025,23/01/2025,MSI-NB-ALOGKOT
CI-25-0164,01,YZAP36PVE,20250201,NISA,23/01/2025,23/01/2025,MSI-NB-ALOGKOT
CI-25-0165,01,YZAP22PVE,20250201,NISA,23/01/2025,23/01/2025,MSI-NB-ALOGKOT
CI-25-0165,01,YZAP28PVE,20250201,NISA,23/01/2025,23/01/2025,MSI-NB-ALOGKOT
CI-25-0165,01,YZAP36PVE,20250201,NISA,23/01/2025,23/01/2025,MSI-NB-ALOGKOT
CI-25-0166,01,FXAQ20AVLT,20250201,NISA,23/01/2025,23/01/2025,MSI-NB-ALOGKOT
CI-25-0166,01,FXAQ20AVM,20250201,NISA,23/01/2025,23/01/2025,MSI-NB-ALOGKOT
CI-25-0166,01,FXAQ20AVM2,20250201,NISA,23/01/2025,23/01/2025,MSI-NB-ALOGKOT
CI-25-0166,01,FXAQ20AVM4,20250201,NISA,23/01/2025,23/01/2025,MSI-NB-ALOGKOT
CI-25-0166,01,FXAQ20AVMS,20250201,NISA,23/01/2025,23/01/2025,MSI-NB-ALOGKOT
CI-25-0166,01,FXAQ25AVLT,20250201,NISA,23/01/2025,23/01/2025,MSI-NB-ALOGKOT
CI-25-0166,01,FXAQ25AVM,20250201,NISA,23/01/2025,23/01/2025,MSI-NB-ALOGKOT
CI-25-0166,01,FXAQ25AVM2,20250201,NISA,23/01/2025,23/01/2025,MSI-NB-ALOGKOT
CI-25-0166,01,FXAQ25AVM4,20250201,NISA,23/01/2025,23/01/2025,MSI-NB-ALOGKOT
CI-25-0166,01,FXAQ25AVMS,20250201,NISA,23/01/2025,23/01/2025,MSI-NB-ALOGKOT
CI-25-0166,01,FXAQ32AVLT,20250201,NISA,23/01/2025,23/01/2025,MSI-NB-ALOGKOT
CI-25-0166,01,FXAQ32AVM,20250201,NISA,23/01/2025,23/01/2025,MSI-NB-ALOGKOT
CI-25-0166,01,FXAQ32AVM2,20250201,NISA,23/01/2025,23/01/2025,MSI-NB-ALOGKOT
CI-25-0166,01,FXAQ32AVM4,20250201,NISA,23/01/2025,23/01/2025,MSI-NB-ALOGKOT
CI-25-0166,01,FXAQ32AVMS,20250201,NISA,23/01/2025,23/01/2025,MSI-NB-ALOGKOT
CI-25-0167,01,FXAQ20AVLT,20250201,NISA,23/01/2025,23/01/2025,MSI-NB-ALOGKOT
CI-25-0167,01,FXAQ20AVM,20250201,NISA,23/01/2025,23/01/2025,MSI-NB-ALOGKOT
CI-25-0167,01,FXAQ20AVM2,20250201,NISA,23/01/2025,23/01/2025,MSI-NB-ALOGKOT
CI-25-0167,01,FXAQ20AVM4,20250201,NISA,23/01/2025,23/01/2025,MSI-NB-ALOGKOT
CI-25-0167,01,FXAQ20AVMS,20250201,NISA,23/01/2025,23/01/2025,MSI-NB-ALOGKOT
CI-25-0167,01,FXAQ25AVLT,20250201,NISA,23/01/2025,23/01/2025,MSI-NB-ALOGKOT
CI-25-0167,01,FXAQ25AVM,20250201,NISA,23/01/2025,23/01/2025,MSI-NB-ALOGKOT
CI-25-0167,01,FXAQ25AVM2,20250201,NISA,23/01/2025,23/01/2025,MSI-NB-ALOGKOT
CI-25-0167,01,FXAQ25AVM4,20250201,NISA,23/01/2025,23/01/2025,MSI-NB-ALOGKOT
CI-25-0167,01,FXAQ25AVMS,20250201,NISA,23/01/2025,23/01/2025,MSI-NB-ALOGKOT
CI-25-0167,01,FXAQ32AVLT,20250201,NISA,23/01/2025,23/01/2025,MSI-NB-ALOGKOT
CI-25-0167,01,FXAQ32AVM,20250201,NISA,23/01/2025,23/01/2025,MSI-NB-ALOGKOT
CI-25-0167,01,FXAQ32AVM2,20250201,NISA,23/01/2025,23/01/2025,MSI-NB-ALOGKOT
CI-25-0167,01,FXAQ32AVM4,20250201,NISA,23/01/2025,23/01/2025,MSI-NB-ALOGKOT
CI-25-0167,01,FXAQ32AVMS,20250201,NISA,23/01/2025,23/01/2025,MSI-NB-ALOGKOT
CI-25-0168,01,CTXS30KVLT,20250201,NISA,23/01/2025,23/01/2025,MSI-NB-ALOGKOT
CI-25-0168,01,CTXS50JVLT,20250201,NISA,23/01/2025,23/01/2025,MSI-NB-ALOGKOT
CI-25-0168,01,CTXS60JVLT,20250201,NISA,23/01/2025,23/01/2025,MSI-NB-ALOGKOT
CI-25-0168,01,CTXS70JVLT,20250201,NISA,23/01/2025,23/01/2025,MSI-NB-ALOGKOT
CI-25-0168,01,FTXS40JVLT,20250201,NISA,23/01/2025,23/01/2025,MSI-NB-ALOGKOT
CI-25-0168,01,FTXS50KAVMN,20250201,NISA,23/01/2025,23/01/2025,MSI-NB-ALOGKOT
CI-25-0168,01,FTXS60KAVMN,20250201,NISA,23/01/2025,23/01/2025,MSI-NB-ALOGKOT
CI-25-0169,01,CTXS30KVLT,20250201,NISA,23/01/2025,23/01/2025,MSI-NB-ALOGKOT
CI-25-0169,01,CTXS50JVLT,20250201,NISA,23/01/2025,23/01/2025,MSI-NB-ALOGKOT
CI-25-0169,01,CTXS60JVLT,20250201,NISA,23/01/2025,23/01/2025,MSI-NB-ALOGKOT
CI-25-0169,01,CTXS70JVLT,20250201,NISA,23/01/2025,23/01/2025,MSI-NB-ALOGKOT
CI-25-0169,01,FTXS40JVLT,20250201,NISA,23/01/2025,23/01/2025,MSI-NB-ALOGKOT
CI-25-0169,01,FTXS50KAVMN,20250201,NISA,23/01/2025,23/01/2025,MSI-NB-ALOGKOT
CI-25-0169,01,FTXS60KAVMN,20250201,NISA,23/01/2025,23/01/2025,MSI-NB-ALOGKOT
CI-25-0170,01,CTKM24PV2S,20250201,NISA,23/01/2025,23/01/2025,MSI-NB-ALOGKOT
CI-25-0170,01,FTKM60PVM,20250201,NISA,23/01/2025,23/01/2025,MSI-NB-ALOGKOT
CI-25-0171,01,FTXS71KAVMN,20250201,NISA,23/01/2025,23/01/2025,MSI-NB-ALOGKOT
CI-25-0172,01,FXAQ07PVJU,20250201,NISA,23/01/2025,23/01/2025,MSI-NB-ALOGKOT
CI-25-0172,01,FXAQ09PVJU,20250201,NISA,23/01/2025,23/01/2025,MSI-NB-ALOGKOT
CI-25-0172,01,FXAQ12PVJU,20250201,NISA,23/01/2025,23/01/2025,MSI-NB-ALOGKOT
CI-25-0173,01,FXAQ07PVJU,20250201,NISA,23/01/2025,23/01/2025,MSI-NB-ALOGKOT
CI-25-0173,01,FXAQ09PVJU,20250201,NISA,23/01/2025,23/01/2025,MSI-NB-ALOGKOT
CI-25-0173,01,FXAQ12PVJU,20250201,NISA,23/01/2025,23/01/2025,MSI-NB-ALOGKOT
CI-25-0174,01,FXAQ40AUV1B,20250201,NISA,23/01/2025,23/01/2025,MSI-NB-ALOGKOT
CI-25-0174,01,FXAQ50AUV1B,20250201,NISA,23/01/2025,23/01/2025,MSI-NB-ALOGKOT
CI-25-0174,01,FXAQ63AUV1B,20250201,NISA,23/01/2025,23/01/2025,MSI-NB-ALOGKOT
CI-25-0175,01,FXAQ40AUV1B,20250201,NISA,23/01/2025,23/01/2025,MSI-NB-ALOGKOT
CI-25-0175,01,FXAQ50AUV1B,20250201,NISA,23/01/2025,23/01/2025,MSI-NB-ALOGKOT
CI-25-0175,01,FXAQ63AUV1B,20250201,NISA,23/01/2025,23/01/2025,MSI-NB-ALOGKOT
CI-25-0176,01,FXAQ40AUV1B,20250201,NISA,23/01/2025,23/01/2025,MSI-NB-ALOGKOT
CI-25-0176,01,FXAQ50AUV1B,20250201,NISA,23/01/2025,23/01/2025,MSI-NB-ALOGKOT
CI-25-0176,01,FXAQ63AUV1B,20250201,NISA,23/01/2025,23/01/2025,MSI-NB-ALOGKOT
CI-25-0177,01,FXAA40AUV1B,20250201,NISA,23/01/2025,23/01/2025,MSI-NB-ALOGKOT
CI-25-0177,01,FXAA50AUV1B,20250201,NISA,23/01/2025,23/01/2025,MSI-NB-ALOGKOT
CI-25-0177,01,FXAA63AUV1B,20250201,NISA,23/01/2025,23/01/2025,MSI-NB-ALOGKOT
CI-25-0178,01,FXAA40AUV1B,20250201,NISA,23/01/2025,23/01/2025,MSI-NB-ALOGKOT
CI-25-0178,01,FXAA50AUV1B,20250201,NISA,23/01/2025,23/01/2025,MSI-NB-ALOGKOT
CI-25-0178,01,FXAA63AUV1B,20250201,NISA,23/01/2025,23/01/2025,MSI-NB-ALOGKOT
CI-25-0179,01,FXAQ15AUV1B,20250201,NISA,23/01/2025,23/01/2025,MSI-NB-ALOGKOT
CI-25-0179,01,FXAQ20AUV1B,20250201,NISA,23/01/2025,23/01/2025,MSI-NB-ALOGKOT
CI-25-0179,01,FXAQ25AUV1B,20250201,NISA,23/01/2025,23/01/2025,MSI-NB-ALOGKOT
CI-25-0179,01,FXAQ32AUV1B,20250201,NISA,23/01/2025,23/01/2025,MSI-NB-ALOGKOT
CI-25-0180,01,FXAQ15AUV1B,20250201,NISA,23/01/2025,23/01/2025,MSI-NB-ALOGKOT
CI-25-0180,01,FXAQ20AUV1B,20250201,NISA,23/01/2025,23/01/2025,MSI-NB-ALOGKOT
CI-25-0180,01,FXAQ25AUV1B,20250201,NISA,23/01/2025,23/01/2025,MSI-NB-ALOGKOT
CI-25-0180,01,FXAQ32AUV1B,20250201,NISA,23/01/2025,23/01/2025,MSI-NB-ALOGKOT
CI-25-0181,01,FXAQ15AUV1B,20250201,NISA,23/01/2025,23/01/2025,MSI-NB-ALOGKOT
CI-25-0181,01,FXAQ20AUV1B,20250201,NISA,23/01/2025,23/01/2025,MSI-NB-ALOGKOT
CI-25-0181,01,FXAQ25AUV1B,20250201,NISA,23/01/2025,23/01/2025,MSI-NB-ALOGKOT
CI-25-0181,01,FXAQ32AUV1B,20250201,NISA,23/01/2025,23/01/2025,MSI-NB-ALOGKOT
CI-25-0182,01,FXAA15AUV1B,20250201,NISA,23/01/2025,23/01/2025,MSI-NB-ALOGKOT
CI-25-0182,01,FXAA20AUV1B,20250201,NISA,23/01/2025,23/01/2025,MSI-NB-ALOGKOT
CI-25-0182,01,FXAA25AUV1B,20250201,NISA,23/01/2025,23/01/2025,MSI-NB-ALOGKOT
CI-25-0182,01,FXAA32AUV1B,20250201,NISA,23/01/2025,23/01/2025,MSI-NB-ALOGKOT
CI-25-0183,01,RZF50DV1,20250201,NISA,23/01/2025,23/01/2025,MSI-NB-ALOGKOT
CI-25-0183,01,RZF50DVA,20250201,NISA,23/01/2025,23/01/2025,MSI-NB-ALOGKOT
CI-25-0183,01,RZF50DVM,20250201,NISA,23/01/2025,23/01/2025,MSI-NB-ALOGKOT
CI-25-0183,01,RZF50DVMG,20250201,NISA,23/01/2025,23/01/2025,MSI-NB-ALOGKOT
CI-25-0183,01,RZF60DV1,20250201,NISA,23/01/2025,23/01/2025,MSI-NB-ALOGKOT
CI-25-0183,01,RZF60DVA,20250201,NISA,23/01/2025,23/01/2025,MSI-NB-ALOGKOT
CI-25-0183,01,RZF60DVM,20250201,NISA,23/01/2025,23/01/2025,MSI-NB-ALOGKOT
CI-25-0183,01,RZF60DVMG,20250201,NISA,23/01/2025,23/01/2025,MSI-NB-ALOGKOT
CI-25-0183,01,RZF71DAVMG,20250201,NISA,23/01/2025,23/01/2025,MSI-NB-ALOGKOT
CI-25-0183,01,RZF71DV1,20250201,NISA,23/01/2025,23/01/2025,MSI-NB-ALOGKOT
CI-25-0183,01,RZF71DVA,20250201,NISA,23/01/2025,23/01/2025,MSI-NB-ALOGKOT
CI-25-0183,01,RZF71DVLT,20250201,NISA,23/01/2025,23/01/2025,MSI-NB-ALOGKOT
CI-25-0183,01,RZF71DVM,20250201,NISA,23/01/2025,23/01/2025,MSI-NB-ALOGKOT
CI-25-0183,01,RZF71DVMG,20250201,NISA,23/01/2025,23/01/2025,MSI-NB-ALOGKOT
CI-25-0184,01,RXC50AAV1A,20250201,NISA,23/01/2025,23/01/2025,MSI-NB-ALOGKOT
CI-25-0184,01,RXC60AAV1A,20250201,NISA,23/01/2025,23/01/2025,MSI-NB-ALOGKOT
CI-25-0184,01,RZA50CAV1,20250201,NISA,23/01/2025,23/01/2025,MSI-NB-ALOGKOT
CI-25-0184,01,RZA60CAV1,20250201,NISA,23/01/2025,23/01/2025,MSI-NB-ALOGKOT
CI-25-0184,01,RZAV50CAV1,20250201,NISA,23/01/2025,23/01/2025,MSI-NB-ALOGKOT
CI-25-0184,01,RZAV60CAV1,20250201,NISA,23/01/2025,23/01/2025,MSI-NB-ALOGKOT
CI-25-0185,01,RZAC50GAV1,20250201,NISA,23/01/2025,23/01/2025,MSI-NB-ALOGKOT
CI-25-0185,01,RZAC60GAV1,20250201,NISA,23/01/2025,23/01/2025,MSI-NB-ALOGKOT
CI-25-0186,01,RZAC71EVLT,20250201,NISA,23/01/2025,23/01/2025,MSI-NB-ALOGKOT
CI-25-0187,01,RZA71CAV1,20250201,NISA,23/01/2025,23/01/2025,MSI-NB-ALOGKOT
CI-25-0187,01,RZAC71CAV1,20250201,NISA,23/01/2025,23/01/2025,MSI-NB-ALOGKOT
CI-25-0188,01,RKB18ZV2S,20250201,NISA,23/01/2025,23/01/2025,MSI-NB-ALOGKOT
CI-25-0189,01,F285AVDV-T,20250101,NISA,24/01/2025,24/01/2025,MSI-NB-ALOGKOT
CI-25-0190,01,F285AVDV-W,20250101,NISA,24/01/2025,24/01/2025,MSI-NB-ALOGKOT
CI-25-0191,01,F285AVRV-T,20250101,NISA,24/01/2025,24/01/2025,MSI-NB-ALOGKOT
CI-25-0192,01,F285AVRV-W,20250101,NISA,24/01/2025,24/01/2025,MSI-NB-ALOGKOT
CI-25-0193,01,F285AVV-T,20250101,NISA,24/01/2025,24/01/2025,MSI-NB-ALOGKOT
CI-25-0194,01,F285AVV-W,20250101,NISA,24/01/2025,24/01/2025,MSI-NB-ALOGKOT
CI-25-0195,01,F365AVRV-T,20250101,NISA,24/01/2025,24/01/2025,MSI-NB-ALOGKOT
CI-25-0196,01,F365AVRV-W,20250101,NISA,24/01/2025,24/01/2025,MSI-NB-ALOGKOT
CI-25-0197,01,F365AVV-T,20250101,NISA,24/01/2025,24/01/2025,MSI-NB-ALOGKOT
CI-25-0198,01,F365AVV-W,20250101,NISA,24/01/2025,24/01/2025,MSI-NB-ALOGKOT
CI-25-0199,01,F405AVDV-T,20250101,NISA,24/01/2025,24/01/2025,MSI-NB-ALOGKOT
CI-25-0200,01,F405AVDV-W,20250101,NISA,24/01/2025,24/01/2025,MSI-NB-ALOGKOT
CI-25-0201,01,F405AVRV-T,20250101,NISA,24/01/2025,24/01/2025,MSI-NB-ALOGKOT
CI-25-0202,01,F405AVRV-W,20250101,NISA,24/01/2025,24/01/2025,MSI-NB-ALOGKOT
CI-25-0203,01,F405AVV-T,20250101,NISA,24/01/2025,24/01/2025,MSI-NB-ALOGKOT
CI-25-0204,01,F405AVV-W,20250101,NISA,24/01/2025,24/01/2025,MSI-NB-ALOGKOT
CI-25-0205,01,F505AVDV-T,20250101,NISA,24/01/2025,24/01/2025,MSI-NB-ALOGKOT
CI-25-0206,01,F505AVDV-W,20250101,NISA,24/01/2025,24/01/2025,MSI-NB-ALOGKOT
CI-25-0207,01,F505AVRV-T,20250101,NISA,24/01/2025,24/01/2025,MSI-NB-ALOGKOT
CI-25-0208,01,F505AVRV-W,20250101,NISA,24/01/2025,24/01/2025,MSI-NB-ALOGKOT
CI-25-0209,01,F505AVV-T,20250101,NISA,24/01/2025,24/01/2025,MSI-NB-ALOGKOT
CI-25-0210,01,F505AVV-W,20250101,NISA,24/01/2025,24/01/2025,MSI-NB-ALOGKOT
CI-25-0211,01,F565AVDV-T,20250101,NISA,24/01/2025,24/01/2025,MSI-NB-ALOGKOT
CI-25-0212,01,F565AVDV-W,20250101,NISA,24/01/2025,24/01/2025,MSI-NB-ALOGKOT
CI-25-0213,01,F565AVRV-T,20250101,NISA,24/01/2025,24/01/2025,MSI-NB-ALOGKOT
CI-25-0214,01,F565AVRV-W,20250101,NISA,24/01/2025,24/01/2025,MSI-NB-ALOGKOT
CI-25-0215,01,F565AVV-T,20250101,NISA,24/01/2025,24/01/2025,MSI-NB-ALOGKOT
CI-25-0216,01,F565AVV-W,20250101,NISA,24/01/2025,24/01/2025,MSI-NB-ALOGKOT
CI-25-0217,01,F635AVRV-T,20250101,NISA,24/01/2025,24/01/2025,MSI-NB-ALOGKOT
CI-25-0218,01,F635AVRV-W,20250101,NISA,24/01/2025,24/01/2025,MSI-NB-ALOGKOT
CI-25-0219,01,F635AVV-T,20250101,NISA,24/01/2025,24/01/2025,MSI-NB-ALOGKOT
CI-25-0220,01,F635AVV-W,20250101,NISA,24/01/2025,24/01/2025,MSI-NB-ALOGKOT
CI-25-0221,01,RZF50DV1,20250101,NISA,24/01/2025,24/01/2025,MSI-NB-ALOGKOT
CI-25-0222,01,RZF50DVA,20250101,NISA,24/01/2025,24/01/2025,MSI-NB-ALOGKOT
CI-25-0223,01,RZF50DVM,20250101,NISA,24/01/2025,24/01/2025,MSI-NB-ALOGKOT
CI-25-0224,01,RZF60DV1,20250101,NISA,24/01/2025,24/01/2025,MSI-NB-ALOGKOT
CI-25-0225,01,RZF60DVA,20250101,NISA,24/01/2025,24/01/2025,MSI-NB-ALOGKOT
CI-25-0226,01,RZF60DVM,20250101,NISA,24/01/2025,24/01/2025,MSI-NB-ALOGKOT
CI-25-0227,01,RZF71DV1,20250101,NISA,24/01/2025,24/01/2025,MSI-NB-ALOGKOT
CI-25-0228,01,RZF71DVA,20250101,NISA,24/01/2025,24/01/2025,MSI-NB-ALOGKOT
CI-25-0229,01,RZF71DVM,20250101,NISA,24/01/2025,24/01/2025,MSI-NB-ALOGKOT
CI-25-0230,01,FTXM22YVLT,20250301,NISA,25/01/2025,25/01/2025,MSI-NB-ALOGKOT
CI-25-0231,01,FTXM28YVLT,20250301,NISA,25/01/2025,25/01/2025,MSI-NB-ALOGKOT
CI-25-0232,01,FTXM36YVLT,20250301,NISA,25/01/2025,25/01/2025,MSI-NB-ALOGKOT
CI-25-0233,01,FTXM41YVLT,20250301,NISA,25/01/2025,25/01/2025,MSI-NB-ALOGKOT
CI-25-0234,01,FTXM50YVLT,20250301,NISA,25/01/2025,25/01/2025,MSI-NB-ALOGKOT
CI-25-0235,01,FTXM60YVLT,20250301,NISA,25/01/2025,25/01/2025,MSI-NB-ALOGKOT
CI-25-0236,01,FTXM71YVLT,20250301,NISA,25/01/2025,25/01/2025,MSI-NB-ALOGKOT
CI-25-0237,01,FTXM22ZVLT,20250301,NISA,25/01/2025,25/01/2025,MSI-NB-ALOGKOT
CI-25-0238,01,FTXM28ZVLT,20250301,NISA,25/01/2025,25/01/2025,MSI-NB-ALOGKOT
CI-25-0239,01,FTXM36ZVLT,20250301,NISA,25/01/2025,25/01/2025,MSI-NB-ALOGKOT
CI-25-0240,01,FTXM41ZVLT,20250301,NISA,25/01/2025,25/01/2025,MSI-NB-ALOGKOT
CI-25-0241,01,FTXM50ZVLT,20250301,NISA,25/01/2025,25/01/2025,MSI-NB-ALOGKOT
CI-25-0242,01,FTXM60ZVLT,20250301,NISA,25/01/2025,25/01/2025,MSI-NB-ALOGKOT
CI-25-0243,01,FTXM71ZVLT,20250301,NISA,25/01/2025,25/01/2025,MSI-NB-ALOGKOT
CI-25-0244,01,FTXM80ZVLT,20250301,NISA,25/01/2025,25/01/2025,MSI-NB-ALOGKOT
CI-25-0245,01,FTXM90ZVLT,20250301,NISA,25/01/2025,25/01/2025,MSI-NB-ALOGKOT
CI-25-0246,01,FDXV22RVLT,20250301,NISA,25/01/2025,25/01/2025,MSI-NB-ALOGKOT
CI-25-0247,01,FDXV28RVLT,20250301,NISA,25/01/2025,25/01/2025,MSI-NB-ALOGKOT
CI-25-0248,01,FDXV36RVLT,20250301,NISA,25/01/2025,25/01/2025,MSI-NB-ALOGKOT
CI-25-0249,01,FDXV41RVLT,20250301,NISA,25/01/2025,25/01/2025,MSI-NB-ALOGKOT
CI-25-0250,01,FDXV50RVLT,20250301,NISA,25/01/2025,25/01/2025,MSI-NB-ALOGKOT
CI-25-0251,01,FDXV60RVLT,20250301,NISA,25/01/2025,25/01/2025,MSI-NB-ALOGKOT
CI-25-0252,01,FDXV71RVLT,20250301,NISA,25/01/2025,25/01/2025,MSI-NB-ALOGKOT
CI-25-0253,01,FTXV22ZVLT,20250301,NISA,25/01/2025,25/01/2025,MSI-NB-ALOGKOT
CI-25-0254,01,FTXV28ZVLT,20250301,NISA,25/01/2025,25/01/2025,MSI-NB-ALOGKOT
CI-25-0255,01,FTXV36ZVLT,20250301,NISA,25/01/2025,25/01/2025,MSI-NB-ALOGKOT
CI-25-0256,01,FTXV41ZVLT,20250301,NISA,25/01/2025,25/01/2025,MSI-NB-ALOGKOT
CI-25-0257,01,FTXV50ZVLT,20250301,NISA,25/01/2025,25/01/2025,MSI-NB-ALOGKOT
CI-25-0258,01,FTXV60ZVLT,20250301,NISA,25/01/2025,25/01/2025,MSI-NB-ALOGKOT
CI-25-0259,01,FTXV71ZVLT,20250301,NISA,25/01/2025,25/01/2025,MSI-NB-ALOGKOT
CI-25-0260,01,FTXM80RVLT,20250301,NISA,25/01/2025,25/01/2025,MSI-NB-ALOGKOT
CI-25-0261,01,FTXM90RVLT,20250301,NISA,25/01/2025,25/01/2025,MSI-NB-ALOGKOT
CI-25-0262,01,RXM22YVLT,20250301,NISA,25/01/2025,25/01/2025,MSI-NB-ALOGKOT
CI-25-0263,01,RXM28YVLT,20250301,NISA,25/01/2025,25/01/2025,MSI-NB-ALOGKOT
CI-25-0264,01,RXM36YVLT,20250301,NISA,25/01/2025,25/01/2025,MSI-NB-ALOGKOT
CI-25-0265,01,RXM41YVLT,20250301,NISA,25/01/2025,25/01/2025,MSI-NB-ALOGKOT
CI-25-0266,01,RXM50YVLT,20250301,NISA,25/01/2025,25/01/2025,MSI-NB-ALOGKOT
CI-25-0267,01,RXM60YVLT,20250301,NISA,25/01/2025,25/01/2025,MSI-NB-ALOGKOT
CI-25-0268,01,RXM71YVLT,20250301,NISA,25/01/2025,25/01/2025,MSI-NB-ALOGKOT
CI-25-0269,01,RXM22ZVLT,20250301,NISA,25/01/2025,25/01/2025,MSI-NB-ALOGKOT
CI-25-0270,01,RXM28ZVLT,20250301,NISA,25/01/2025,25/01/2025,MSI-NB-ALOGKOT
CI-25-0271,01,RXM36ZVLT,20250301,NISA,25/01/2025,25/01/2025,MSI-NB-ALOGKOT
CI-25-0272,01,RXM41ZVLT,20250301,NISA,25/01/2025,25/01/2025,MSI-NB-ALOGKOT
CI-25-0273,01,RXM50ZVLT,20250301,NISA,25/01/2025,25/01/2025,MSI-NB-ALOGKOT
CI-25-0274,01,RXM60ZVLT,20250301,NISA,25/01/2025,25/01/2025,MSI-NB-ALOGKOT
CI-25-0275,01,RXM71ZVLT,20250301,NISA,25/01/2025,25/01/2025,MSI-NB-ALOGKOT
CI-25-0276,01,RXV22ZVLT,20250301,NISA,25/01/2025,25/01/2025,MSI-NB-ALOGKOT
CI-25-0277,01,RXV28ZVLT,20250301,NISA,25/01/2025,25/01/2025,MSI-NB-ALOGKOT
CI-25-0278,01,RXV36ZVLT,20250301,NISA,25/01/2025,25/01/2025,MSI-NB-ALOGKOT
CI-25-0279,01,RXV41ZVLT,20250301,NISA,25/01/2025,25/01/2025,MSI-NB-ALOGKOT
CI-25-0280,01,RXV50ZVLT,20250301,NISA,25/01/2025,25/01/2025,MSI-NB-ALOGKOT
CI-25-0281,01,RXV60ZVLT,20250301,NISA,25/01/2025,25/01/2025,MSI-NB-ALOGKOT
CI-25-0282,01,RXV71ZVLT,20250301,NISA,25/01/2025,25/01/2025,MSI-NB-ALOGKOT
CI-25-0283,01,2MXM56YVLT,20250301,NISA,25/01/2025,25/01/2025,MSI-NB-ALOGKOT
CI-25-0284,01,2MXM75YVLT,20250301,NISA,25/01/2025,25/01/2025,MSI-NB-ALOGKOT
CI-25-0285,01,3MXM90YVLT,20250301,NISA,25/01/2025,25/01/2025,MSI-NB-ALOGKOT
CI-25-0286,01,2MXP50ZVLT,20250301,NISA,25/01/2025,25/01/2025,MSI-NB-ALOGKOT
CI-25-0287,01,2MXP85ZVLT,20250301,NISA,25/01/2025,25/01/2025,MSI-NB-ALOGKOT
CI-25-0288,01,4MXM110YVLT,20250301,NISA,25/01/2025,25/01/2025,MSI-NB-ALOGKOT
CI-25-0289,01,RXM80ZVLT,20250301,NISA,25/01/2025,25/01/2025,MSI-NB-ALOGKOT
CI-25-0290,01,RXM90ZVLT,20250301,NISA,25/01/2025,25/01/2025,MSI-NB-ALOGKOT
CI-25-0291,01,RZF140DTLT,20250301,NISA,25/01/2025,25/01/2025,MSI-NB-ALOGKOT
CI-25-0292,01,RZF100DTLT,20250301,NISA,25/01/2025,25/01/2025,MSI-NB-ALOGKOT
CI-25-0292,01,RZF125DTLT,20250301,NISA,25/01/2025,25/01/2025,MSI-NB-ALOGKOT
CI-25-0293,01,RZF100DTLT,20250301,NISA,25/01/2025,25/01/2025,MSI-NB-ALOGKOT
CI-25-0293,01,RZF125DTLT,20250301,NISA,25/01/2025,25/01/2025,MSI-NB-ALOGKOT
CI-25-0294,01,RZF140DTLT,20250301,NISA,25/01/2025,25/01/2025,MSI-NB-ALOGKOT
CI-25-0295,01,RZF100DTLT,20250301,NISA,25/01/2025,25/01/2025,MSI-NB-ALOGKOT
CI-25-0295,01,RZF125DTLT,20250301,NISA,25/01/2025,25/01/2025,MSI-NB-ALOGKOT
CI-25-0295,01,RZF140DTLT,20250301,NISA,25/01/2025,25/01/2025,MSI-NB-ALOGKOT
CI-25-0296,01,RZF100DTLT,20250301,NISA,25/01/2025,25/01/2025,MSI-NB-ALOGKOT
CI-25-0296,01,RZF125DTLT,20250301,NISA,25/01/2025,25/01/2025,MSI-NB-ALOGKOT
CI-25-0296,01,RZF140DTLT,20250301,NISA,25/01/2025,25/01/2025,MSI-NB-ALOGKOT
CI-25-0297,01,RZF100DTLT,20250301,NISA,25/01/2025,25/01/2025,MSI-NB-ALOGKOT
CI-25-0297,01,RZF125DTLT,20250301,NISA,25/01/2025,25/01/2025,MSI-NB-ALOGKOT
CI-25-0297,01,RZF140DTLT,20250301,NISA,25/01/2025,25/01/2025,MSI-NB-ALOGKOT
CI-25-0298,01,RZF100DTLT,20250301,NISA,25/01/2025,25/01/2025,MSI-NB-ALOGKOT
CI-25-0298,01,RZF125DTLT,20250301,NISA,25/01/2025,25/01/2025,MSI-NB-ALOGKOT
CI-25-0299,01,RZF140DTLT,20250301,NISA,25/01/2025,25/01/2025,MSI-NB-ALOGKOT
CI-25-0300,01,RZF100DTLT,20250301,NISA,25/01/2025,25/01/2025,MSI-NB-ALOGKOT
CI-25-0300,01,RZF125DTLT,20250301,NISA,25/01/2025,25/01/2025,MSI-NB-ALOGKOT
CI-25-0301,01,RZF100DTLT,20250301,NISA,25/01/2025,25/01/2025,MSI-NB-ALOGKOT
CI-25-0301,01,RZF125DTLT,20250301,NISA,25/01/2025,25/01/2025,MSI-NB-ALOGKOT
CI-25-0302,01,RZF100DTLT,20250301,NISA,25/01/2025,25/01/2025,MSI-NB-ALOGKOT
CI-25-0302,01,RZF125DTLT,20250301,NISA,25/01/2025,25/01/2025,MSI-NB-ALOGKOT
CI-25-0303,01,MKM100ZVMG,20250101,NISA,25/01/2025,25/01/2025,MSI-NB-ALOGKOT
CI-25-0331,01,FXMQ200AFVLT,20250201,NISA,29/01/2025,29/01/2025,MSI-NB-ALOGKOT
CI-25-0331,01,FXMQ200AFVM,20250201,NISA,29/01/2025,29/01/2025,MSI-NB-ALOGKOT
CI-25-0331,01,FXMQ250AFVLT,20250201,NISA,29/01/2025,29/01/2025,MSI-NB-ALOGKOT
CI-25-0331,01,FXMQ250AFVM,20250201,NISA,29/01/2025,29/01/2025,MSI-NB-ALOGKOT
CI-25-0332,01,FXMQ200BFV24,20250201,NISA,29/01/2025,29/01/2025,MSI-NB-ALOGKOT
CI-25-0332,01,FXMQ200BFV2S,20250201,NISA,29/01/2025,29/01/2025,MSI-NB-ALOGKOT
CI-25-0332,01,FXMQ200BFVM,20250201,NISA,29/01/2025,29/01/2025,MSI-NB-ALOGKOT
CI-25-0332,01,FXMQ250BFV24,20250201,NISA,29/01/2025,29/01/2025,MSI-NB-ALOGKOT
CI-25-0332,01,FXMQ250BFV2S,20250201,NISA,29/01/2025,29/01/2025,MSI-NB-ALOGKOT
CI-25-0332,01,FXMQ250BFVM,20250201,NISA,29/01/2025,29/01/2025,MSI-NB-ALOGKOT
CI-25-0333,01,RKM25ZVMG,20250101,NISA,30/01/2025,30/01/2025,MSI-NB-ALOGKOT
CI-25-0334,01,RKM35ZVMG,20250101,NISA,30/01/2025,30/01/2025,MSI-NB-ALOGKOT
CI-25-0335,01,RKM50ZVMG,20250101,NISA,30/01/2025,30/01/2025,MSI-NB-ALOGKOT
CI-25-0336,01,RKM60ZVMG,20250101,NISA,30/01/2025,30/01/2025,MSI-NB-ALOGKOT
CI-25-0337,01,RKM71ZVMG,20250101,NISA,30/01/2025,30/01/2025,MSI-NB-ALOGKOT
